--ROLE

insert into "ticketsApp_role" values (1,'ROLE_ADMIN');
insert into "ticketsApp_role" values (2,'ROLE_CLIENT');
insert into "ticketsApp_role" values (3,'ROLE_BOX_OFFICE');
insert into "ticketsApp_role" values (4,'ROLE_DRIVER');

-- USER

insert into "ticketsApp_user" (id, identification, name, last_name, role_id) values (1, '1002337983', 'Sebastian', 'Martinez', 1);
insert into "ticketsApp_user" (id, identification, name, last_name, role_id) values (2, '1049341231', 'Edwin', 'Acevedo', 1);
insert into "ticketsApp_user" (id, identification, name, last_name, role_id) values (3, '102343223', 'Andrea', 'Cubides', 3);
insert into "ticketsApp_user" (id, identification, name, last_name, role_id) values (4, '1244543343', 'Julian', 'Bernal', 2);
insert into "ticketsApp_user" (id, identification, name, last_name, role_id) values (5, '145523343', 'Davis', 'Laverde', 2);
insert into "ticketsApp_user" (id, identification, name, last_name, role_id) values (6, '1890664557', 'Armando', 'Laverde', 4);
insert into "ticketsApp_user" (id, identification, name, last_name, role_id) values (7, '115534542', 'Helver', 'Galarga', 4);
insert into "ticketsApp_user" (id, identification, name, last_name, role_id) values (8, '1677785456', 'Benito', 'Camelo', 4);
insert into "ticketsApp_user" (id, identification, name, last_name, role_id) values (9, '545653234', 'Rosa', 'Melano', 3);
insert into "ticketsApp_user" (id, identification, name, last_name, role_id) values (10, '343542345', 'Elba', 'Surita', 3);
insert into "ticketsApp_user" (id, identification, name, last_name, role_id) values (11, '3667342', 'Debora', 'Melo', 3);
insert into "ticketsApp_user" (id, identification, name, last_name, role_id) values (12, '77863452', 'Elva', 'Gina', 3);

-- BOX OFFICE

insert into "ticketsApp_boxoffice" (id, last_login, address, email, username, password, date_joined, is_admin, is_active, is_staff, is_superuser, user_id) values (1, '2023-01-13 18:40:48.721000 +00:00', 'calle 4a #43-21', 'edwin@gmail.com', 'edwin', 'pbkdf2_sha256$390000$mMUj0DrIK6vgtdIYepkIxN$ujvKnq7VKmBfk2UbaJSil+D6I+pC+Xd1loj2z1Ue/ak=', '2023-01-13 18:43:02.269716 +00:00', true, true, true, true, 2);
insert into "ticketsApp_boxoffice" (id, last_login, address, email, username, password, date_joined, is_admin, is_active, is_staff, is_superuser, user_id) values (2, '2023-01-12 18:40:48.721000 +00:00', 'carrera 9b #21-11', 'sebastian@gmail.com', 'pacho', 'pbkdf2_sha256$390000$mMUj0DrIK6vgtdIYepkIxN$hfT2NpM28slKD6xMb2ex+lbTo1nqpQJp0vd8mT4AYj8=', '2023-01-13 18:43:56.248864 +00:00', true, true, true, true, 1);
insert into "ticketsApp_boxoffice" (id, last_login, address, email, username, password, date_joined, is_admin, is_active, is_staff, is_superuser, user_id) values (3, '2023-01-13 18:46:09.009000 +00:00', 'caller 121 #3', 'julian@gmail.com', 'julian', 'pbkdf2_sha256$390000$mMUj0DrIK6vgtdIYepkIxN$gLu2aZeZjLaWGMXOx9Mlk1Dz9DUMnZeIdESvG9MDhTM=', '2023-01-13 18:47:26.824025 +00:00', true, true, false, false, 4);
insert into "ticketsApp_boxoffice" (id, last_login, address, email, username, password, date_joined, is_admin, is_active, is_staff, is_superuser, user_id) values (4, '2023-01-13 18:46:09.009000 +00:00', 'Moniqui calle 3#213', 'davis@gmail.com', 'davis', 'pbkdf2_sha256$390000$mMUj0DrIK6vgtdIYepkIxN$otg4UqZsIjszeNzHOMxhPW5JLbOWvhKuTT6/dgli4Pg=', '2023-01-13 18:47:57.794774 +00:00', true, true, false, false, 5);


-- CLIENT

insert into "ticketsApp_client" (id, type, user_id) values (1, 'Estudiante', 3);
insert into "ticketsApp_client" (id, type, user_id) values (2, 'Eventual', 9);
insert into "ticketsApp_client" (id, type, user_id) values (3, 'Frecuente', 10);
insert into "ticketsApp_client" (id, type, user_id) values (4, 'Estudiante', 11);
insert into "ticketsApp_client" (id, type, user_id) values (5, 'Otro', 12);


-- ROAD

insert into "ticketsApp_road" (id, destiny, ticket_value, code) values (1, 'Susacon', 14000, '160');
insert into "ticketsApp_road" (id, destiny, ticket_value, code) values (2, 'Caracoles Bajo', 7000, '111');
insert into "ticketsApp_road" (id, destiny, ticket_value, code) values (3, 'Alto Canutos', 8000, '112');
insert into "ticketsApp_road" (id, destiny, ticket_value, code) values (4, 'Capilla', 9000, '113');
insert into "ticketsApp_road" (id, destiny, ticket_value, code) values (5, 'Guina', 11000, '114');
insert into "ticketsApp_road" (id, destiny, ticket_value, code) values (6, 'Árbol Solo', 13000, '115');
insert into "ticketsApp_road" (id, destiny, ticket_value, code) values (7, 'Soata', 16000, '161');
insert into "ticketsApp_road" (id, destiny, ticket_value, code) values (8, 'Santa Rosa', 2500, '108');
insert into "ticketsApp_road" (id, destiny, ticket_value, code) values (9, 'Cerinza', 4000, '109');
insert into "ticketsApp_road" (id, destiny, ticket_value, code) values (10, 'Belén', 4500, '110');
insert into "ticketsApp_road" (id, destiny, ticket_value, code) values (11, 'Sta Rosita', 12000, '190');
insert into "ticketsApp_road" (id, destiny, ticket_value, code) values (12, 'Montallantas', 6000, '162');
insert into "ticketsApp_road" (id, destiny, ticket_value, code) values (13, 'La Chorrera', 15000, '163');
insert into "ticketsApp_road" (id, destiny, ticket_value, code) values (14, 'Ventorrillo', 10000, '164');
insert into "ticketsApp_road" (id, destiny, ticket_value, code) values (15, 'Malaga', 30000, '165');
insert into "ticketsApp_road" (id, destiny, ticket_value, code) values (16, 'Capitanejo', 24000, '166');
insert into "ticketsApp_road" (id, destiny, ticket_value, code) values (17, 'Tipacoque', 18000, '167');
insert into "ticketsApp_road" (id, destiny, ticket_value, code) values (18, 'San Jose  de Miranda', 26000, '168');
insert into "ticketsApp_road" (id, destiny, ticket_value, code) values (19, 'Cocuy', 34000, '169');
insert into "ticketsApp_road" (id, destiny, ticket_value, code) values (20, 'Panqueba', 32000, '170');
insert into "ticketsApp_road" (id, destiny, ticket_value, code) values (21, 'Guacamayas', 32000, '171');
insert into "ticketsApp_road" (id, destiny, ticket_value, code) values (22, 'El Espino', 32000, '172');
insert into "ticketsApp_road" (id, destiny, ticket_value, code) values (23, 'Cobarachia', 26000, '173');
insert into "ticketsApp_road" (id, destiny, ticket_value, code) values (24, 'Güican', 34000, '174');
insert into "ticketsApp_road" (id, destiny, ticket_value, code) values (25, 'San Mateo', 25000, '175');
insert into "ticketsApp_road" (id, destiny, ticket_value, code) values (26, 'La Uvita', 22000, '176');
insert into "ticketsApp_road" (id, destiny, ticket_value, code) values (27, 'Peñuela', 23000, '177');
insert into "ticketsApp_road" (id, destiny, ticket_value, code) values (28, 'Boavita', 21000, '178');
insert into "ticketsApp_road" (id, destiny, ticket_value, code) values (29, 'Cussagui', 28000, '179');
insert into "ticketsApp_road" (id, destiny, ticket_value, code) values (30, 'Peña Colorada', 28000, '180');
insert into "ticketsApp_road" (id, destiny, ticket_value, code) values (31, 'La Laguna ', 20000, '181');
insert into "ticketsApp_road" (id, destiny, ticket_value, code) values (32, 'Onzaga', 24000, '182');
insert into "ticketsApp_road" (id, destiny, ticket_value, code) values (33, 'Tombita', 22000, '183');
insert into "ticketsApp_road" (id, destiny, ticket_value, code) values (34, 'Sianoga', 20000, '184');
insert into "ticketsApp_road" (id, destiny, ticket_value, code) values (35, 'Campo Bello', 18000, '185');
insert into "ticketsApp_road" (id, destiny, ticket_value, code) values (36, 'Susa', 16000, '186');
insert into "ticketsApp_road" (id, destiny, ticket_value, code) values (37, 'El Uval', 14000, '187');
insert into "ticketsApp_road" (id, destiny, ticket_value, code) values (38, 'Ensillada', 12000, '188');
insert into "ticketsApp_road" (id, destiny, ticket_value, code) values (39, 'Junin', 10000, '189');
insert into "ticketsApp_road" (id, destiny, ticket_value, code) values (40, 'Florencia', 2500, '200');
insert into "ticketsApp_road" (id, destiny, ticket_value, code) values (41, 'Alto Florencia', 2800, '201');
insert into "ticketsApp_road" (id, destiny, ticket_value, code) values (42, 'Escuela', 3000, '202');
insert into "ticketsApp_road" (id, destiny, ticket_value, code) values (43, 'Cucaita', 4000, '203');
insert into "ticketsApp_road" (id, destiny, ticket_value, code) values (44, 'Desaguadero', 5000, '204');
insert into "ticketsApp_road" (id, destiny, ticket_value, code) values (45, 'Peaje nuevo', 5000, '205');
insert into "ticketsApp_road" (id, destiny, ticket_value, code) values (46, 'Muro', 5500, '206');
insert into "ticketsApp_road" (id, destiny, ticket_value, code) values (47, 'Boquerón', 5800, '207');
insert into "ticketsApp_road" (id, destiny, ticket_value, code) values (48, 'Peaje antiguo', 6000, '208');
insert into "ticketsApp_road" (id, destiny, ticket_value, code) values (49, 'Sachica', 6000, '209');
insert into "ticketsApp_road" (id, destiny, ticket_value, code) values (50, 'Ritoque', 7000, '210');
insert into "ticketsApp_road" (id, destiny, ticket_value, code) values (51, 'Villa de Leyva', 7500, '211');
insert into "ticketsApp_road" (id, destiny, ticket_value, code) values (52, 'Florencia', 2500, '212');
insert into "ticketsApp_road" (id, destiny, ticket_value, code) values (53, 'Alto Cucaita', 2800, '213');
insert into "ticketsApp_road" (id, destiny, ticket_value, code) values (54, 'Escuela', 3000, '214');
insert into "ticketsApp_road" (id, destiny, ticket_value, code) values (55, 'Cucaita', 4000, '215');
insert into "ticketsApp_road" (id, destiny, ticket_value, code) values (56, 'Desaguadero', 4500, '216');
insert into "ticketsApp_road" (id, destiny, ticket_value, code) values (57, 'Sto Domingo', 4500, '217');
insert into "ticketsApp_road" (id, destiny, ticket_value, code) values (58, 'Durazno y Cerrito', 5000, '218');
insert into "ticketsApp_road" (id, destiny, ticket_value, code) values (59, 'Pte rio', 5500, '219');
insert into "ticketsApp_road" (id, destiny, ticket_value, code) values (60, 'Samacá', 5500, '220');
insert into "ticketsApp_road" (id, destiny, ticket_value, code) values (61, 'Germania', 2000, '221');
insert into "ticketsApp_road" (id, destiny, ticket_value, code) values (62, 'Alto el Moral', 2000, '222');
insert into "ticketsApp_road" (id, destiny, ticket_value, code) values (63, 'Entrada Samacá', 2500, '223');
insert into "ticketsApp_road" (id, destiny, ticket_value, code) values (64, 'La Olla', 3500, '224');
insert into "ticketsApp_road" (id, destiny, ticket_value, code) values (65, 'Guantoque', 4000, '225');
insert into "ticketsApp_road" (id, destiny, ticket_value, code) values (66, 'La Cumbre', 4500, '226');
insert into "ticketsApp_road" (id, destiny, ticket_value, code) values (67, 'Samacá', 5000, '227');
insert into "ticketsApp_road" (id, destiny, ticket_value, code) values (68, 'Pte Hamaca', 2700, '228');
insert into "ticketsApp_road" (id, destiny, ticket_value, code) values (69, 'Cruz', 3100, '229');
insert into "ticketsApp_road" (id, destiny, ticket_value, code) values (70, 'Capilla', 3400, '230');
insert into "ticketsApp_road" (id, destiny, ticket_value, code) values (71, 'Chivatá', 3900, '231');
insert into "ticketsApp_road" (id, destiny, ticket_value, code) values (72, 'Fuente', 4200, '232');
insert into "ticketsApp_road" (id, destiny, ticket_value, code) values (73, 'minas', 4400, '233');
insert into "ticketsApp_road" (id, destiny, ticket_value, code) values (74, 'Avenida', 4700, '234');
insert into "ticketsApp_road" (id, destiny, ticket_value, code) values (75, 'Pino', 5000, '235');
insert into "ticketsApp_road" (id, destiny, ticket_value, code) values (76, 'Armenia', 5200, '236');
insert into "ticketsApp_road" (id, destiny, ticket_value, code) values (77, 'Rio', 5500, '237');
insert into "ticketsApp_road" (id, destiny, ticket_value, code) values (78, 'Toca', 5800, '238');

-- BUSINESS

insert into "ticketsApp_business" (nit, name, withholding_tax, business_code) values ('891855257-8', 'COOTRACERO', 0, '001');
insert into "ticketsApp_business" (nit, name, withholding_tax, business_code) values ('891800075-8', 'F. SUGAMUXI', 0, '002');
insert into "ticketsApp_business" (nit, name, withholding_tax, business_code) values ('800206855-8', 'G. COLOMBIANA', 0, '003');
insert into "ticketsApp_business" (nit, name, withholding_tax, business_code) values ('860001371-2', 'AUTOBOY', 0, '004');
insert into "ticketsApp_business" (nit, name, withholding_tax, business_code) values ('800174156-9', 'CONCORDE LTDA', 0, '005');
insert into "ticketsApp_business" (nit, name, withholding_tax, business_code) values ('891855670-7', 'COOTRADATIL', 0, '006');
insert into "ticketsApp_business" (nit, name, withholding_tax, business_code) values ('800164399-9', 'COOTRASOATA', 0, '007');
insert into "ticketsApp_business" (nit, name, withholding_tax, business_code) values ('891800044-1', 'COOTRACHICA', 0, '008');
insert into "ticketsApp_business" (nit, name, withholding_tax, business_code) values ('891800043-1', 'COOFLOTAX', 0, '009');
insert into "ticketsApp_business" (nit, name, withholding_tax, business_code) values ('891800589-1', 'COOTAX', 0, '010');
insert into "ticketsApp_business" (nit, name, withholding_tax, business_code) values ('800158523-1', 'COOMULTRANSVILLA', 0, '011');


-- VEHICLE (6,7,8)

insert into "ticketsApp_vehicle" (plate, internal_number, capacity, business_id, user_id) values ('XGD520', 'F314', 19, '891800075-8', 6);
insert into "ticketsApp_vehicle" (plate, internal_number, capacity, business_id, user_id) values ('XGD592', 'F402', 19, '891800075-8', 6);
insert into "ticketsApp_vehicle" (plate, internal_number, capacity, business_id, user_id) values ('SKV774', 'A1499', 20, '860001371-2', 8);
insert into "ticketsApp_vehicle" (plate, internal_number, capacity, business_id, user_id) values ('SMK866', 'CH410', 19, '891800044-1', 8);
insert into "ticketsApp_vehicle" (plate, internal_number, capacity, business_id, user_id) values ('XIE535', 'CH395', 19, '891800044-1', 6);
insert into "ticketsApp_vehicle" (plate, internal_number, capacity, business_id, user_id) values ('00000', '00', 1, '891800044-1', 8);
insert into "ticketsApp_vehicle" (plate, internal_number, capacity, business_id, user_id) values ('XGD429', 'CT321', 32, '891855257-8', 7);
insert into "ticketsApp_vehicle" (plate, internal_number, capacity, business_id, user_id) values ('SKV669', 'F383', 19, '891800075-8', 8);
insert into "ticketsApp_vehicle" (plate, internal_number, capacity, business_id, user_id) values ('SKV536', 'CT770', 19, '891855257-8', 7);
insert into "ticketsApp_vehicle" (plate, internal_number, capacity, business_id, user_id) values ('XGD800', 'CT316', 32, '891855257-8', 7);
insert into "ticketsApp_vehicle" (plate, internal_number, capacity, business_id, user_id) values ('XGD954', 'A1442', 18, '860001371-2', 6);
insert into "ticketsApp_vehicle" (plate, internal_number, capacity, business_id, user_id) values ('SKV625', 'CT161', 33, '891855257-8', 8);
insert into "ticketsApp_vehicle" (plate, internal_number, capacity, business_id, user_id) values ('XGD406', 'CT108', 33, '891855257-8', 8);
insert into "ticketsApp_vehicle" (plate, internal_number, capacity, business_id, user_id) values ('SKV784', 'CT106', 35, '891855257-8', 7);
insert into "ticketsApp_vehicle" (plate, internal_number, capacity, business_id, user_id) values ('XXA903', 'CC562', 16, '800174156-9', 7);
insert into "ticketsApp_vehicle" (plate, internal_number, capacity, business_id, user_id) values ('SMK235', 'CC546', 20, '800174156-9', 6);
insert into "ticketsApp_vehicle" (plate, internal_number, capacity, business_id, user_id) values ('XGD083', 'CT603', 19, '891855257-8', 6);
insert into "ticketsApp_vehicle" (plate, internal_number, capacity, business_id, user_id) values ('SMK884', 'CC1237', 28, '800174156-9', 8);
insert into "ticketsApp_vehicle" (plate, internal_number, capacity, business_id, user_id) values ('SKV782', 'CT182', 35, '891855257-8', 6);
insert into "ticketsApp_vehicle" (plate, internal_number, capacity, business_id, user_id) values ('WLN588', 'CC1908', 18, '800174156-9', 7);
insert into "ticketsApp_vehicle" (plate, internal_number, capacity, business_id, user_id) values ('XIE199', 'CH350', 19, '891800044-1', 7);
insert into "ticketsApp_vehicle" (plate, internal_number, capacity, business_id, user_id) values ('SKV561', 'CC1925', 24, '800174156-9', 7);
insert into "ticketsApp_vehicle" (plate, internal_number, capacity, business_id, user_id) values ('TUL183', 'CC1905', 17, '800174156-9', 8);
insert into "ticketsApp_vehicle" (plate, internal_number, capacity, business_id, user_id) values ('WHU348', '-', 19, '891800044-1', 8);
insert into "ticketsApp_vehicle" (plate, internal_number, capacity, business_id, user_id) values ('XJA641', 'CH785', 40, '891800044-1', 8);
insert into "ticketsApp_vehicle" (plate, internal_number, capacity, business_id, user_id) values ('SST279', 'CT702', 19, '891855257-8', 7);
insert into "ticketsApp_vehicle" (plate, internal_number, capacity, business_id, user_id) values ('SST197', 'CC1976', 18, '800174156-9', 7);
insert into "ticketsApp_vehicle" (plate, internal_number, capacity, business_id, user_id) values ('WLN345', 'CT311', 35, '891855257-8', 8);
insert into "ticketsApp_vehicle" (plate, internal_number, capacity, business_id, user_id) values ('XJB375', 'F408', 17, '891800075-8', 6);
insert into "ticketsApp_vehicle" (plate, internal_number, capacity, business_id, user_id) values ('XJB127', 'CH285', 34, '891800044-1', 6);
insert into "ticketsApp_vehicle" (plate, internal_number, capacity, business_id, user_id) values ('XIE512', 'CH295', 33, '891800044-1', 7);
insert into "ticketsApp_vehicle" (plate, internal_number, capacity, business_id, user_id) values ('XIE096', 'CH230', 28, '891800044-1', 7);
insert into "ticketsApp_vehicle" (plate, internal_number, capacity, business_id, user_id) values ('XID747', 'CH215', 27, '891800044-1', 6);
insert into "ticketsApp_vehicle" (plate, internal_number, capacity, business_id, user_id) values ('SKV581', 'CT645', 20, '891855257-8', 7);
insert into "ticketsApp_vehicle" (plate, internal_number, capacity, business_id, user_id) values ('XGD892', 'CT197', 30, '891855257-8', 6);
insert into "ticketsApp_vehicle" (plate, internal_number, capacity, business_id, user_id) values ('XGD562', 'F400', 19, '891800075-8', 7);
insert into "ticketsApp_vehicle" (plate, internal_number, capacity, business_id, user_id) values ('LTP072', 'CC1125', 19, '800174156-9', 8);
insert into "ticketsApp_vehicle" (plate, internal_number, capacity, business_id, user_id) values ('SST176', 'F413', 19, '891800075-8', 8);
insert into "ticketsApp_vehicle" (plate, internal_number, capacity, business_id, user_id) values ('SKV849', 'A1456', 19, '860001371-2', 6);
insert into "ticketsApp_vehicle" (plate, internal_number, capacity, business_id, user_id) values ('SKV555', 'CT718', 19, '891855257-8', 8);
insert into "ticketsApp_vehicle" (plate, internal_number, capacity, business_id, user_id) values ('SST123', 'F410', 20, '891800075-8', 6);
insert into "ticketsApp_vehicle" (plate, internal_number, capacity, business_id, user_id) values ('WLN400', 'CT123', 38, '891855257-8', 7);
insert into "ticketsApp_vehicle" (plate, internal_number, capacity, business_id, user_id) values ('SST184', 'F414', 25, '891800075-8', 8);
insert into "ticketsApp_vehicle" (plate, internal_number, capacity, business_id, user_id) values ('XGD818', 'CT653', 19, '891855257-8', 8);
insert into "ticketsApp_vehicle" (plate, internal_number, capacity, business_id, user_id) values ('WDT381', 'CH070', 39, '891800044-1', 7);
insert into "ticketsApp_vehicle" (plate, internal_number, capacity, business_id, user_id) values ('XGD567', 'CT767', 20, '891855257-8', 6);
insert into "ticketsApp_vehicle" (plate, internal_number, capacity, business_id, user_id) values ('WLN392', 'CT664', 19, '891855257-8', 8);
insert into "ticketsApp_vehicle" (plate, internal_number, capacity, business_id, user_id) values ('TTQ326', 'CT397', 36, '891855257-8', 8);
insert into "ticketsApp_vehicle" (plate, internal_number, capacity, business_id, user_id) values ('TLP350', 'CT920', 20, '891855257-8', 6);
insert into "ticketsApp_vehicle" (plate, internal_number, capacity, business_id, user_id) values ('SKV684', 'CT905', 19, '891855257-8', 7);
insert into "ticketsApp_vehicle" (plate, internal_number, capacity, business_id, user_id) values ('SKM706', 'CC549', 20, '800174156-9', 8);
insert into "ticketsApp_vehicle" (plate, internal_number, capacity, business_id, user_id) values ('SST263', 'CT946', 19, '891855257-8', 8);
insert into "ticketsApp_vehicle" (plate, internal_number, capacity, business_id, user_id) values ('TLP705', 'F433', 19, '891800075-8', 7);
insert into "ticketsApp_vehicle" (plate, internal_number, capacity, business_id, user_id) values ('SKV744', 'CT677', 19, '891855257-8', 7);
insert into "ticketsApp_vehicle" (plate, internal_number, capacity, business_id, user_id) values ('SKV609', 'CT763', 20, '891855257-8', 6);
insert into "ticketsApp_vehicle" (plate, internal_number, capacity, business_id, user_id) values ('WLT213', 'CH640', 19, '891800044-1', 7);
insert into "ticketsApp_vehicle" (plate, internal_number, capacity, business_id, user_id) values ('XID869', 'CH510', 19, '891800044-1', 8);
insert into "ticketsApp_vehicle" (plate, internal_number, capacity, business_id, user_id) values ('XIE170', 'CH660', 19, '891800044-1', 8);
insert into "ticketsApp_vehicle" (plate, internal_number, capacity, business_id, user_id) values ('SSQ539', 'CH575', 19, '891800044-1', 7);
insert into "ticketsApp_vehicle" (plate, internal_number, capacity, business_id, user_id) values ('WLT250', 'CH380', 19, '891800044-1', 8);
insert into "ticketsApp_vehicle" (plate, internal_number, capacity, business_id, user_id) values ('WHU248', 'CH355', 19, '891800044-1', 6);
insert into "ticketsApp_vehicle" (plate, internal_number, capacity, business_id, user_id) values ('SSQ331', 'CH365', 19, '891800044-1', 6);
insert into "ticketsApp_vehicle" (plate, internal_number, capacity, business_id, user_id) values ('WLT035', 'CH650', 19, '891800044-1', 7);
insert into "ticketsApp_vehicle" (plate, internal_number, capacity, business_id, user_id) values ('TLO918', 'F411', 19, '891800075-8', 6);
insert into "ticketsApp_vehicle" (plate, internal_number, capacity, business_id, user_id) values ('SST206', 'F415', 19, '891800075-8', 7);
insert into "ticketsApp_vehicle" (plate, internal_number, capacity, business_id, user_id) values ('XJB370', 'CC1127', 17, '800174156-9', 6);
insert into "ticketsApp_vehicle" (plate, internal_number, capacity, business_id, user_id) values ('TLP161', 'F418', 19, '891800075-8', 8);
insert into "ticketsApp_vehicle" (plate, internal_number, capacity, business_id, user_id) values ('SST371', 'F419', 25, '891800075-8', 7);
insert into "ticketsApp_vehicle" (plate, internal_number, capacity, business_id, user_id) values ('TDK202', 'F404', 17, '891800075-8', 8);
insert into "ticketsApp_vehicle" (plate, internal_number, capacity, business_id, user_id) values ('WLN448', 'CT751', 19, '891855257-8', 7);
insert into "ticketsApp_vehicle" (plate, internal_number, capacity, business_id, user_id) values ('SMK615', 'CT760', 19, '891855257-8', 8);
insert into "ticketsApp_vehicle" (plate, internal_number, capacity, business_id, user_id) values ('TLP034', 'CC2003', 18, '800174156-9', 6);
insert into "ticketsApp_vehicle" (plate, internal_number, capacity, business_id, user_id) values ('WLT204', 'CC2121', 18, '800174156-9', 7);
insert into "ticketsApp_vehicle" (plate, internal_number, capacity, business_id, user_id) values ('TLP077', 'F416', 25, '891800075-8', 6);
insert into "ticketsApp_vehicle" (plate, internal_number, capacity, business_id, user_id) values ('SST319', 'CT148', 25, '891855257-8', 7);
insert into "ticketsApp_vehicle" (plate, internal_number, capacity, business_id, user_id) values ('TAO527', 'CC2008', 17, '800174156-9', 7);
insert into "ticketsApp_vehicle" (plate, internal_number, capacity, business_id, user_id) values ('SOS896', 'CT687', 19, '891855257-8', 6);
insert into "ticketsApp_vehicle" (plate, internal_number, capacity, business_id, user_id) values ('XID797', 'CH010', 28, '891800044-1', 8);
insert into "ticketsApp_vehicle" (plate, internal_number, capacity, business_id, user_id) values ('SKO865', 'CX725', 18, '891800043-1', 8);
insert into "ticketsApp_vehicle" (plate, internal_number, capacity, business_id, user_id) values ('SUK394', 'CX510', 9, '891800043-1', 6);
insert into "ticketsApp_vehicle" (plate, internal_number, capacity, business_id, user_id) values ('XJA705', 'CX553', 16, '891800043-1', 7);
insert into "ticketsApp_vehicle" (plate, internal_number, capacity, business_id, user_id) values ('SKV413', 'CH125', 27, '891800044-1', 7);
insert into "ticketsApp_vehicle" (plate, internal_number, capacity, business_id, user_id) values ('KV845', 'CH25', 35, '891800044-1', 8);
insert into "ticketsApp_vehicle" (plate, internal_number, capacity, business_id, user_id) values ('AV175', 'CH175', 39, '891800044-1', 8);
insert into "ticketsApp_vehicle" (plate, internal_number, capacity, business_id, user_id) values ('TUL499', 'CH135', 39, '891800044-1', 7);
insert into "ticketsApp_vehicle" (plate, internal_number, capacity, business_id, user_id) values ('TUL695', 'CH95', 39, '891800044-1', 6);
insert into "ticketsApp_vehicle" (plate, internal_number, capacity, business_id, user_id) values ('XID153', 'CH130', 24, '891800044-1', 7);
insert into "ticketsApp_vehicle" (plate, internal_number, capacity, business_id, user_id) values ('ID380', 'CH75', 24, '891800044-1', 8);
insert into "ticketsApp_vehicle" (plate, internal_number, capacity, business_id, user_id) values ('ID628', 'CH55', 25, '891800044-1', 8);
insert into "ticketsApp_vehicle" (plate, internal_number, capacity, business_id, user_id) values ('XID635', 'CH105', 25, '891800044-1', 7);
insert into "ticketsApp_vehicle" (plate, internal_number, capacity, business_id, user_id) values ('XID662', 'CH100', 25, '891800044-1', 6);
insert into "ticketsApp_vehicle" (plate, internal_number, capacity, business_id, user_id) values ('XID746', 'CH150', 28, '891800044-1', 7);
insert into "ticketsApp_vehicle" (plate, internal_number, capacity, business_id, user_id) values ('XID758', 'CH115', 25, '891800044-1', 6);
insert into "ticketsApp_vehicle" (plate, internal_number, capacity, business_id, user_id) values ('ID766', 'CH05', 28, '891800044-1', 8);
insert into "ticketsApp_vehicle" (plate, internal_number, capacity, business_id, user_id) values ('XID918', 'CH110', 28, '891800044-1', 8);
insert into "ticketsApp_vehicle" (plate, internal_number, capacity, business_id, user_id) values ('IE005', 'CH35', 28, '891800044-1', 6);
insert into "ticketsApp_vehicle" (plate, internal_number, capacity, business_id, user_id) values ('XIE227', 'CH85', 28, '891800044-1', 7);
insert into "ticketsApp_vehicle" (plate, internal_number, capacity, business_id, user_id) values ('JB412', 'CH160', 29, '891800044-1', 8);
insert into "ticketsApp_vehicle" (plate, internal_number, capacity, business_id, user_id) values ('TAO599', 'A1404', 18, '860001371-2', 7);
insert into "ticketsApp_vehicle" (plate, internal_number, capacity, business_id, user_id) values ('SKV458', 'CH120', 27, '891800044-1', 6);
insert into "ticketsApp_vehicle" (plate, internal_number, capacity, business_id, user_id) values ('SKV515', 'CT300', 29, '891855257-8', 8);
insert into "ticketsApp_vehicle" (plate, internal_number, capacity, business_id, user_id) values ('XGD069', 'CT695', 19, '891855257-8', 7);
insert into "ticketsApp_vehicle" (plate, internal_number, capacity, business_id, user_id) values ('SKV499', 'CT111', 28, '891855257-8', 7);
insert into "ticketsApp_vehicle" (plate, internal_number, capacity, business_id, user_id) values ('XGD371', 'F350', 19, '891800075-8', 7);
insert into "ticketsApp_vehicle" (plate, internal_number, capacity, business_id, user_id) values ('XGD543', 'CT621', 19, '891855257-8', 6);
insert into "ticketsApp_vehicle" (plate, internal_number, capacity, business_id, user_id) values ('SKV545', 'CT780', 19, '891855257-8', 7);
insert into "ticketsApp_vehicle" (plate, internal_number, capacity, business_id, user_id) values ('SQX691', 'A1498', 18, '860001371-2', 6);
insert into "ticketsApp_vehicle" (plate, internal_number, capacity, business_id, user_id) values ('JA129', 'CH50', 33, '891800044-1', 6);
insert into "ticketsApp_vehicle" (plate, internal_number, capacity, business_id, user_id) values ('XIE235', 'CX603', 19, '891800043-1', 7);
insert into "ticketsApp_vehicle" (plate, internal_number, capacity, business_id, user_id) values ('XGD071', 'F398', 19, '891800075-8', 7);
insert into "ticketsApp_vehicle" (plate, internal_number, capacity, business_id, user_id) values ('SSQ510', 'CT200', 28, '891855257-8', 7);
insert into "ticketsApp_vehicle" (plate, internal_number, capacity, business_id, user_id) values ('SKV467', 'CT115', 28, '891855257-8', 7);
insert into "ticketsApp_vehicle" (plate, internal_number, capacity, business_id, user_id) values ('SZY755', 'A1457', 18, '860001371-2', 7);
insert into "ticketsApp_vehicle" (plate, internal_number, capacity, business_id, user_id) values ('WLN401', 'CT380', 38, '891855257-8', 7);
insert into "ticketsApp_vehicle" (plate, internal_number, capacity, business_id, user_id) values ('SKV540', 'CT330', 30, '891855257-8', 7);
insert into "ticketsApp_vehicle" (plate, internal_number, capacity, business_id, user_id) values ('XGD611', 'F403', 19, '891800075-8', 8);
insert into "ticketsApp_vehicle" (plate, internal_number, capacity, business_id, user_id) values ('SKV491', 'CT925', 19, '891855257-8', 6);
insert into "ticketsApp_vehicle" (plate, internal_number, capacity, business_id, user_id) values ('XJB594', 'A1405', 18, '860001371-2', 6);
insert into "ticketsApp_vehicle" (plate, internal_number, capacity, business_id, user_id) values ('SST194', 'CC1933', 19, '800174156-9', 7);
insert into "ticketsApp_vehicle" (plate, internal_number, capacity, business_id, user_id) values ('SSQ067', 'CC1941', 18, '800174156-9', 8);
insert into "ticketsApp_vehicle" (plate, internal_number, capacity, business_id, user_id) values ('XIE240', 'CH680', 19, '891800044-1', 7);
insert into "ticketsApp_vehicle" (plate, internal_number, capacity, business_id, user_id) values ('XGD022', 'F396', 19, '891800075-8', 7);
insert into "ticketsApp_vehicle" (plate, internal_number, capacity, business_id, user_id) values ('XGC943', 'CT112', 29, '891855257-8', 8);
insert into "ticketsApp_vehicle" (plate, internal_number, capacity, business_id, user_id) values ('SST214', 'CC1973', 19, '800174156-9', 8);
insert into "ticketsApp_vehicle" (plate, internal_number, capacity, business_id, user_id) values ('TDY157', 'CC1977', 18, '800174156-9', 8);
insert into "ticketsApp_vehicle" (plate, internal_number, capacity, business_id, user_id) values ('SSQ041', 'CT117', 36, '891855257-8', 8);
insert into "ticketsApp_vehicle" (plate, internal_number, capacity, business_id, user_id) values ('XJA576', 'CH235', 34, '891800044-1', 6);
insert into "ticketsApp_vehicle" (plate, internal_number, capacity, business_id, user_id) values ('SMK854', 'CH245', 35, '891800044-1', 8);
insert into "ticketsApp_vehicle" (plate, internal_number, capacity, business_id, user_id) values ('TUL396', 'CH710', 40, '891800044-1', 6);
insert into "ticketsApp_vehicle" (plate, internal_number, capacity, business_id, user_id) values ('XJB413', 'CH740', 20, '891800044-1', 7);
insert into "ticketsApp_vehicle" (plate, internal_number, capacity, business_id, user_id) values ('SST363', 'CT633', 19, '891855257-8', 7);
insert into "ticketsApp_vehicle" (plate, internal_number, capacity, business_id, user_id) values ('XID932', 'CX583', 18, '891800043-1', 7);
insert into "ticketsApp_vehicle" (plate, internal_number, capacity, business_id, user_id) values ('XGD304', 'F358', 19, '891800075-8', 6);
insert into "ticketsApp_vehicle" (plate, internal_number, capacity, business_id, user_id) values ('SSQ715', 'CX671', 19, '891800043-1', 7);
insert into "ticketsApp_vehicle" (plate, internal_number, capacity, business_id, user_id) values ('SSQ613', 'A1467', 19, '860001371-2', 7);
insert into "ticketsApp_vehicle" (plate, internal_number, capacity, business_id, user_id) values ('XGD361', 'F318', 19, '891800075-8', 6);
insert into "ticketsApp_vehicle" (plate, internal_number, capacity, business_id, user_id) values ('SKV771', 'CT774', 19, '891855257-8', 6);
insert into "ticketsApp_vehicle" (plate, internal_number, capacity, business_id, user_id) values ('SSQ290', 'A1430', 19, '860001371-2', 8);
insert into "ticketsApp_vehicle" (plate, internal_number, capacity, business_id, user_id) values ('SKV466', 'CT160', 28, '891855257-8', 8);
insert into "ticketsApp_vehicle" (plate, internal_number, capacity, business_id, user_id) values ('SST190', 'A1435', 19, '860001371-2', 6);
insert into "ticketsApp_vehicle" (plate, internal_number, capacity, business_id, user_id) values ('TDL259', 'A1474', 18, '860001371-2', 6);
insert into "ticketsApp_vehicle" (plate, internal_number, capacity, business_id, user_id) values ('TTZ191', 'A1436', 19, '860001371-2', 6);
insert into "ticketsApp_vehicle" (plate, internal_number, capacity, business_id, user_id) values ('SST242', 'A1484', 19, '860001371-2', 6);
insert into "ticketsApp_vehicle" (plate, internal_number, capacity, business_id, user_id) values ('TUL172', 'A1401', 19, '860001371-2', 8);
insert into "ticketsApp_vehicle" (plate, internal_number, capacity, business_id, user_id) values ('UPN372', 'A1417', 18, '860001371-2', 7);
insert into "ticketsApp_vehicle" (plate, internal_number, capacity, business_id, user_id) values ('XXB412', 'A1434', 19, '860001371-2', 6);
insert into "ticketsApp_vehicle" (plate, internal_number, capacity, business_id, user_id) values ('XIE097', 'CH645', 19, '891800044-1', 6);
insert into "ticketsApp_vehicle" (plate, internal_number, capacity, business_id, user_id) values ('SSQ012', 'A1428', 19, '860001371-2', 7);
insert into "ticketsApp_vehicle" (plate, internal_number, capacity, business_id, user_id) values ('SSQ096', 'A1429', 19, '860001371-2', 8);
insert into "ticketsApp_vehicle" (plate, internal_number, capacity, business_id, user_id) values ('SKV617', 'CT192', 32, '891855257-8', 7);
insert into "ticketsApp_vehicle" (plate, internal_number, capacity, business_id, user_id) values ('XGD538', 'CT687', 19, '891855257-8', 7);
insert into "ticketsApp_vehicle" (plate, internal_number, capacity, business_id, user_id) values ('SKV753', 'CT139', 30, '891855257-8', 7);
insert into "ticketsApp_vehicle" (plate, internal_number, capacity, business_id, user_id) values ('SKV767', 'CT187', 30, '891855257-8', 8);
insert into "ticketsApp_vehicle" (plate, internal_number, capacity, business_id, user_id) values ('SSS984', 'CT144', 37, '891855257-8', 6);
insert into "ticketsApp_vehicle" (plate, internal_number, capacity, business_id, user_id) values ('SMK707', 'CX627', 19, '891800043-1', 6);
insert into "ticketsApp_vehicle" (plate, internal_number, capacity, business_id, user_id) values ('SMK772', 'CX512', 19, '891800043-1', 8);
insert into "ticketsApp_vehicle" (plate, internal_number, capacity, business_id, user_id) values ('SND254', 'CX619', 9, '891800043-1', 7);
insert into "ticketsApp_vehicle" (plate, internal_number, capacity, business_id, user_id) values ('SSQ101', 'CX674', 19, '891800043-1', 8);
insert into "ticketsApp_vehicle" (plate, internal_number, capacity, business_id, user_id) values ('SSQ107', 'CX657', 19, '891800043-1', 6);
insert into "ticketsApp_vehicle" (plate, internal_number, capacity, business_id, user_id) values ('SSQ355', 'CX642', 8, '891800043-1', 7);
insert into "ticketsApp_vehicle" (plate, internal_number, capacity, business_id, user_id) values ('SSQ477', 'CX624', 19, '891800043-1', 6);
insert into "ticketsApp_vehicle" (plate, internal_number, capacity, business_id, user_id) values ('SSQ625', 'CH330', 19, '891800044-1', 6);
insert into "ticketsApp_vehicle" (plate, internal_number, capacity, business_id, user_id) values ('SSQ562', 'CX526', 19, '891800043-1', 7);
insert into "ticketsApp_vehicle" (plate, internal_number, capacity, business_id, user_id) values ('XGD618', 'CT102', 19, '891855257-8', 7);
insert into "ticketsApp_vehicle" (plate, internal_number, capacity, business_id, user_id) values ('WZH371', 'CX508', 17, '891800043-1', 6);
insert into "ticketsApp_vehicle" (plate, internal_number, capacity, business_id, user_id) values ('SST275', 'CT326', 35, '891855257-8', 7);
insert into "ticketsApp_vehicle" (plate, internal_number, capacity, business_id, user_id) values ('WLN438', 'CT134', 40, '891855257-8', 6);
insert into "ticketsApp_vehicle" (plate, internal_number, capacity, business_id, user_id) values ('WDP360', 'F360', 19, '891800075-8', 8);
insert into "ticketsApp_vehicle" (plate, internal_number, capacity, business_id, user_id) values ('WDP385', 'CH585', 19, '891800044-1', 8);
insert into "ticketsApp_vehicle" (plate, internal_number, capacity, business_id, user_id) values ('WDP440', 'G028', 9, '800206855-8', 8);
insert into "ticketsApp_vehicle" (plate, internal_number, capacity, business_id, user_id) values ('XGC473', 'CT171', 25, '891855257-8', 8);
insert into "ticketsApp_vehicle" (plate, internal_number, capacity, business_id, user_id) values ('WOO245', 'G029', 8, '800206855-8', 8);
insert into "ticketsApp_vehicle" (plate, internal_number, capacity, business_id, user_id) values ('WOO287', 'G031', 9, '800206855-8', 7);
insert into "ticketsApp_vehicle" (plate, internal_number, capacity, business_id, user_id) values ('XGC858', 'CT650', 19, '891855257-8', 6);
insert into "ticketsApp_vehicle" (plate, internal_number, capacity, business_id, user_id) values ('WOO249', 'G030', 9, '800206855-8', 6);
insert into "ticketsApp_vehicle" (plate, internal_number, capacity, business_id, user_id) values ('XGC499', 'CT162', 28, '891855257-8', 8);
insert into "ticketsApp_vehicle" (plate, internal_number, capacity, business_id, user_id) values ('XGC733', 'CT174', 31, '891855257-8', 6);
insert into "ticketsApp_vehicle" (plate, internal_number, capacity, business_id, user_id) values ('XGC769', 'CT322', 33, '891855257-8', 6);
insert into "ticketsApp_vehicle" (plate, internal_number, capacity, business_id, user_id) values ('XGC890', 'CT377', 31, '891855257-8', 7);
insert into "ticketsApp_vehicle" (plate, internal_number, capacity, business_id, user_id) values ('XGC891', 'CT196', 33, '891855257-8', 6);
insert into "ticketsApp_vehicle" (plate, internal_number, capacity, business_id, user_id) values ('SMK634', 'CX694', 19, '891800043-1', 8);
insert into "ticketsApp_vehicle" (plate, internal_number, capacity, business_id, user_id) values ('XIC740', 'CX681', 9, '891800043-1', 7);
insert into "ticketsApp_vehicle" (plate, internal_number, capacity, business_id, user_id) values ('XGD556', 'F409', 19, '891800075-8', 6);
insert into "ticketsApp_vehicle" (plate, internal_number, capacity, business_id, user_id) values ('XID553', 'CX559', 19, '891800043-1', 7);
insert into "ticketsApp_vehicle" (plate, internal_number, capacity, business_id, user_id) values ('SKV861', '-*-', 19, '891800044-1', 7);
insert into "ticketsApp_vehicle" (plate, internal_number, capacity, business_id, user_id) values ('XID941', 'CX656', 19, '891800043-1', 7);
insert into "ticketsApp_vehicle" (plate, internal_number, capacity, business_id, user_id) values ('XID947', 'CX539', 19, '891800043-1', 8);
insert into "ticketsApp_vehicle" (plate, internal_number, capacity, business_id, user_id) values ('XIE082', 'CX511', 19, '891800043-1', 8);
insert into "ticketsApp_vehicle" (plate, internal_number, capacity, business_id, user_id) values ('XIE181', 'CX686', 19, '891800043-1', 8);
insert into "ticketsApp_vehicle" (plate, internal_number, capacity, business_id, user_id) values ('XIE626', 'CX626', 19, '891800043-1', 7);
insert into "ticketsApp_vehicle" (plate, internal_number, capacity, business_id, user_id) values ('XJB210', 'CX617', 19, '891800043-1', 6);
insert into "ticketsApp_vehicle" (plate, internal_number, capacity, business_id, user_id) values ('WLN395', 'CT673', 19, '891855257-8', 7);
insert into "ticketsApp_vehicle" (plate, internal_number, capacity, business_id, user_id) values ('SKV740', 'CH320', 19, '891800044-1', 6);
insert into "ticketsApp_vehicle" (plate, internal_number, capacity, business_id, user_id) values ('SKY549', 'CH365', 30, '891800044-1', 6);
insert into "ticketsApp_vehicle" (plate, internal_number, capacity, business_id, user_id) values ('SMK762', 'CH390', 19, '891800044-1', 7);
insert into "ticketsApp_vehicle" (plate, internal_number, capacity, business_id, user_id) values ('SSQ188', 'CH670', 19, '891800044-1', 6);
insert into "ticketsApp_vehicle" (plate, internal_number, capacity, business_id, user_id) values ('SST105', 'CH200', 32, '891800044-1', 6);
insert into "ticketsApp_vehicle" (plate, internal_number, capacity, business_id, user_id) values ('TDX613', 'CT177', 38, '891855257-8', 8);
insert into "ticketsApp_vehicle" (plate, internal_number, capacity, business_id, user_id) values ('TAU690', 'CH805', 32, '891800044-1', 7);
insert into "ticketsApp_vehicle" (plate, internal_number, capacity, business_id, user_id) values ('SSQ588', 'CX660', 16, '891800043-1', 7);
insert into "ticketsApp_vehicle" (plate, internal_number, capacity, business_id, user_id) values ('TDX657', 'CH345', 19, '891800044-1', 6);
insert into "ticketsApp_vehicle" (plate, internal_number, capacity, business_id, user_id) values ('TDX763', 'CH505', 19, '891800044-1', 7);
insert into "ticketsApp_vehicle" (plate, internal_number, capacity, business_id, user_id) values ('TWA102', 'CH155', 28, '891800044-1', 7);
insert into "ticketsApp_vehicle" (plate, internal_number, capacity, business_id, user_id) values ('WLS960', 'CH310', 19, '891800044-1', 8);
insert into "ticketsApp_vehicle" (plate, internal_number, capacity, business_id, user_id) values ('WLT030', 'CH435', 19, '891800044-1', 8);
insert into "ticketsApp_vehicle" (plate, internal_number, capacity, business_id, user_id) values ('XID687', 'CX709', 17, '891800043-1', 6);
insert into "ticketsApp_vehicle" (plate, internal_number, capacity, business_id, user_id) values ('XGD249', 'CT321', 32, '891855257-8', 6);
insert into "ticketsApp_vehicle" (plate, internal_number, capacity, business_id, user_id) values ('XID240', 'CH680', 19, '891800044-1', 6);
insert into "ticketsApp_vehicle" (plate, internal_number, capacity, business_id, user_id) values ('XID744', 'CH325', 16, '891800044-1', 7);
insert into "ticketsApp_vehicle" (plate, internal_number, capacity, business_id, user_id) values ('XID750', 'CH15', 28, '891800044-1', 6);
insert into "ticketsApp_vehicle" (plate, internal_number, capacity, business_id, user_id) values ('XID898', 'CH195', 28, '891800044-1', 7);
insert into "ticketsApp_vehicle" (plate, internal_number, capacity, business_id, user_id) values ('XID951', 'CH335', 19, '891800044-1', 8);
insert into "ticketsApp_vehicle" (plate, internal_number, capacity, business_id, user_id) values ('XIE040', 'CH315', 19, '891800044-1', 7);
insert into "ticketsApp_vehicle" (plate, internal_number, capacity, business_id, user_id) values ('XIE191', 'CH180', 33, '891800044-1', 6);
insert into "ticketsApp_vehicle" (plate, internal_number, capacity, business_id, user_id) values ('XIE210', 'CH580', 19, '891800044-1', 6);
insert into "ticketsApp_vehicle" (plate, internal_number, capacity, business_id, user_id) values ('XIE294', 'CH370', 19, '891800044-1', 8);
insert into "ticketsApp_vehicle" (plate, internal_number, capacity, business_id, user_id) values ('XIE365', 'CH305', 19, '891800044-1', 6);
insert into "ticketsApp_vehicle" (plate, internal_number, capacity, business_id, user_id) values ('XIE369', 'CH170', 28, '891800044-1', 7);
insert into "ticketsApp_vehicle" (plate, internal_number, capacity, business_id, user_id) values ('XIE420', 'CH635', 19, '891800044-1', 8);
insert into "ticketsApp_vehicle" (plate, internal_number, capacity, business_id, user_id) values ('XIE591', 'CH565', 19, '891800044-1', 6);
insert into "ticketsApp_vehicle" (plate, internal_number, capacity, business_id, user_id) values ('XIE686', 'CH340', 19, '891800044-1', 7);
insert into "ticketsApp_vehicle" (plate, internal_number, capacity, business_id, user_id) values ('XJA009', 'CH385', 19, '891800044-1', 8);
insert into "ticketsApp_vehicle" (plate, internal_number, capacity, business_id, user_id) values ('XJA046', 'CH375', 19, '891800044-1', 6);
insert into "ticketsApp_vehicle" (plate, internal_number, capacity, business_id, user_id) values ('XJB010', 'CH400', 19, '891800044-1', 6);
insert into "ticketsApp_vehicle" (plate, internal_number, capacity, business_id, user_id) values ('XJB202', 'CH420', 19, '891800044-1', 8);
insert into "ticketsApp_vehicle" (plate, internal_number, capacity, business_id, user_id) values ('XJB228', 'CH405', 19, '891800044-1', 8);
insert into "ticketsApp_vehicle" (plate, internal_number, capacity, business_id, user_id) values ('XJB265', 'CH535', 19, '891800044-1', 7);
insert into "ticketsApp_vehicle" (plate, internal_number, capacity, business_id, user_id) values ('XJB284', 'CH165', 32, '891800044-1', 7);
insert into "ticketsApp_vehicle" (plate, internal_number, capacity, business_id, user_id) values ('XJA970', 'CH380', 19, '891800044-1', 8);
insert into "ticketsApp_vehicle" (plate, internal_number, capacity, business_id, user_id) values ('XIE211', 'CX598', 19, '891800043-1', 8);
insert into "ticketsApp_vehicle" (plate, internal_number, capacity, business_id, user_id) values ('XGD438', 'F316', 19, '891800075-8', 6);
insert into "ticketsApp_vehicle" (plate, internal_number, capacity, business_id, user_id) values ('XJB308', 'CH500', 19, '891800044-1', 8);
insert into "ticketsApp_vehicle" (plate, internal_number, capacity, business_id, user_id) values ('XGD222', 'CT157', 33, '891855257-8', 7);
insert into "ticketsApp_vehicle" (plate, internal_number, capacity, business_id, user_id) values ('TDY270', 'A1409', 18, '860001371-2', 6);
insert into "ticketsApp_vehicle" (plate, internal_number, capacity, business_id, user_id) values ('TSW544', 'A1422', 19, '860001371-2', 7);
insert into "ticketsApp_vehicle" (plate, internal_number, capacity, business_id, user_id) values ('TZR531', 'A1414', 17, '860001371-2', 7);
insert into "ticketsApp_vehicle" (plate, internal_number, capacity, business_id, user_id) values ('WCW007', 'A1410', 19, '860001371-2', 6);
insert into "ticketsApp_vehicle" (plate, internal_number, capacity, business_id, user_id) values ('XGD677', 'A1427', 19, '860001371-2', 6);
insert into "ticketsApp_vehicle" (plate, internal_number, capacity, business_id, user_id) values ('XJB243', 'A1415', 17, '860001371-2', 6);
insert into "ticketsApp_vehicle" (plate, internal_number, capacity, business_id, user_id) values ('SKV594', 'CX573', 19, '891800043-1', 6);
insert into "ticketsApp_vehicle" (plate, internal_number, capacity, business_id, user_id) values ('SKV481', 'CT181', 29, '891855257-8', 6);
insert into "ticketsApp_vehicle" (plate, internal_number, capacity, business_id, user_id) values ('SKV806', 'A1420', 17, '860001371-2', 8);
insert into "ticketsApp_vehicle" (plate, internal_number, capacity, business_id, user_id) values ('TWA100', 'CX513', 19, '891800043-1', 7);
insert into "ticketsApp_vehicle" (plate, internal_number, capacity, business_id, user_id) values ('SPU877', 'A1465', 17, '860001371-2', 8);
insert into "ticketsApp_vehicle" (plate, internal_number, capacity, business_id, user_id) values ('SSQ656', 'A1412', 18, '860001371-2', 7);
insert into "ticketsApp_vehicle" (plate, internal_number, capacity, business_id, user_id) values ('SKV498', 'CT138', 29, '891855257-8', 8);
insert into "ticketsApp_vehicle" (plate, internal_number, capacity, business_id, user_id) values ('SKV484', 'CX595', 16, '891800043-1', 6);
insert into "ticketsApp_vehicle" (plate, internal_number, capacity, business_id, user_id) values ('SKV556', 'CT319', 32, '891855257-8', 6);
insert into "ticketsApp_vehicle" (plate, internal_number, capacity, business_id, user_id) values ('XGC573', 'F372', 14, '891800075-8', 7);
insert into "ticketsApp_vehicle" (plate, internal_number, capacity, business_id, user_id) values ('SMB510', 'CX612', 17, '891800043-1', 7);
insert into "ticketsApp_vehicle" (plate, internal_number, capacity, business_id, user_id) values ('SMK614', 'CX581', 19, '891800043-1', 8);
insert into "ticketsApp_vehicle" (plate, internal_number, capacity, business_id, user_id) values ('SKV599', 'CT165', 32, '891855257-8', 6);
insert into "ticketsApp_vehicle" (plate, internal_number, capacity, business_id, user_id) values ('SMK893', 'CT145', 33, '891855257-8', 6);
insert into "ticketsApp_vehicle" (plate, internal_number, capacity, business_id, user_id) values ('SMK649', 'CX602', 19, '891800043-1', 8);
insert into "ticketsApp_vehicle" (plate, internal_number, capacity, business_id, user_id) values ('SMK710', 'CX585', 19, '891800043-1', 8);
insert into "ticketsApp_vehicle" (plate, internal_number, capacity, business_id, user_id) values ('SMK660', 'CX567', 19, '891800043-1', 6);
insert into "ticketsApp_vehicle" (plate, internal_number, capacity, business_id, user_id) values ('SQK883', 'CX577', 19, '891800043-1', 8);
insert into "ticketsApp_vehicle" (plate, internal_number, capacity, business_id, user_id) values ('SSQ200', 'CT167', 37, '891855257-8', 7);
insert into "ticketsApp_vehicle" (plate, internal_number, capacity, business_id, user_id) values ('SPN724', 'A1411', 18, '860001371-2', 7);
insert into "ticketsApp_vehicle" (plate, internal_number, capacity, business_id, user_id) values ('WDP397', 'CT183', 42, '891855257-8', 6);
insert into "ticketsApp_vehicle" (plate, internal_number, capacity, business_id, user_id) values ('TLA711', 'F401', 19, '891800075-8', 6);
insert into "ticketsApp_vehicle" (plate, internal_number, capacity, business_id, user_id) values ('XID672', 'CX613', 19, '891800043-1', 7);
insert into "ticketsApp_vehicle" (plate, internal_number, capacity, business_id, user_id) values ('XGC424', 'CT186', 28, '891855257-8', 7);
insert into "ticketsApp_vehicle" (plate, internal_number, capacity, business_id, user_id) values ('XGC487', 'CT156', 28, '891855257-8', 7);
insert into "ticketsApp_vehicle" (plate, internal_number, capacity, business_id, user_id) values ('WOO482', 'G032', 11, '800206855-8', 8);
insert into "ticketsApp_vehicle" (plate, internal_number, capacity, business_id, user_id) values ('XGC631', 'CT349', 33, '891855257-8', 7);
insert into "ticketsApp_vehicle" (plate, internal_number, capacity, business_id, user_id) values ('XGC998', 'CT147', 32, '891855257-8', 8);
insert into "ticketsApp_vehicle" (plate, internal_number, capacity, business_id, user_id) values ('XGD111', 'CT152', 29, '891855257-8', 7);
insert into "ticketsApp_vehicle" (plate, internal_number, capacity, business_id, user_id) values ('XGD227', 'CT309', 32, '891855257-8', 8);
insert into "ticketsApp_vehicle" (plate, internal_number, capacity, business_id, user_id) values ('XGD313', 'CT122', 33, '891855257-8', 7);
insert into "ticketsApp_vehicle" (plate, internal_number, capacity, business_id, user_id) values ('XGD338', 'CT172', 35, '891855257-8', 8);
insert into "ticketsApp_vehicle" (plate, internal_number, capacity, business_id, user_id) values ('XGD440', 'CT149', 27, '891855257-8', 8);
insert into "ticketsApp_vehicle" (plate, internal_number, capacity, business_id, user_id) values ('XGD586', 'CT127', 35, '891855257-8', 7);
insert into "ticketsApp_vehicle" (plate, internal_number, capacity, business_id, user_id) values ('SSP985', 'A1453', 18, '860001371-2', 8);
insert into "ticketsApp_vehicle" (plate, internal_number, capacity, business_id, user_id) values ('XID778', 'CT121', 29, '891855257-8', 7);
insert into "ticketsApp_vehicle" (plate, internal_number, capacity, business_id, user_id) values ('XID484', 'CH145', 25, '891800044-1', 6);
insert into "ticketsApp_vehicle" (plate, internal_number, capacity, business_id, user_id) values ('XIE086', 'CX606', 19, '891800043-1', 7);
insert into "ticketsApp_vehicle" (plate, internal_number, capacity, business_id, user_id) values ('SKK880', 'CX611', 19, '891800043-1', 8);
insert into "ticketsApp_vehicle" (plate, internal_number, capacity, business_id, user_id) values ('XIE567', 'CX552', 19, '891800043-1', 7);
insert into "ticketsApp_vehicle" (plate, internal_number, capacity, business_id, user_id) values ('XJA182', 'CX610', 19, '891800043-1', 6);
insert into "ticketsApp_vehicle" (plate, internal_number, capacity, business_id, user_id) values ('XJA509', 'CX582', 19, '891800043-1', 6);
insert into "ticketsApp_vehicle" (plate, internal_number, capacity, business_id, user_id) values ('SKV826', 'CT126', 35, '891855257-8', 8);
insert into "ticketsApp_vehicle" (plate, internal_number, capacity, business_id, user_id) values ('SKV455', 'CT132', 30, '891855257-8', 7);
insert into "ticketsApp_vehicle" (plate, internal_number, capacity, business_id, user_id) values ('XID677', 'CX574', 17, '891800043-1', 8);
insert into "ticketsApp_vehicle" (plate, internal_number, capacity, business_id, user_id) values ('SST322', 'CT312', 36, '891855257-8', 6);
insert into "ticketsApp_vehicle" (plate, internal_number, capacity, business_id, user_id) values ('SKV551', 'CT302', 33, '891855257-8', 6);
insert into "ticketsApp_vehicle" (plate, internal_number, capacity, business_id, user_id) values ('SKV777', 'CH425', 19, '891800044-1', 6);
insert into "ticketsApp_vehicle" (plate, internal_number, capacity, business_id, user_id) values ('SMK790', 'CH485', 19, '891800044-1', 7);
insert into "ticketsApp_vehicle" (plate, internal_number, capacity, business_id, user_id) values ('SMK834', 'CH620', 19, '891800044-1', 8);
insert into "ticketsApp_vehicle" (plate, internal_number, capacity, business_id, user_id) values ('SMK878', 'CH915', 19, '891800044-1', 6);
insert into "ticketsApp_vehicle" (plate, internal_number, capacity, business_id, user_id) values ('SSQ344', 'CH430', 19, '891800044-1', 6);
insert into "ticketsApp_vehicle" (plate, internal_number, capacity, business_id, user_id) values ('SSQ629', 'CH445', 19, '891800044-1', 8);
insert into "ticketsApp_vehicle" (plate, internal_number, capacity, business_id, user_id) values ('SSQ695', 'CH560', 19, '891800044-1', 8);
insert into "ticketsApp_vehicle" (plate, internal_number, capacity, business_id, user_id) values ('SST195', 'CH470', 19, '891800044-1', 6);
insert into "ticketsApp_vehicle" (plate, internal_number, capacity, business_id, user_id) values ('SST420', 'CH490', 19, '891800044-1', 8);
insert into "ticketsApp_vehicle" (plate, internal_number, capacity, business_id, user_id) values ('TUL515', 'CH515', 19, '891800044-1', 7);
insert into "ticketsApp_vehicle" (plate, internal_number, capacity, business_id, user_id) values ('TWA200', 'CH655', 19, '891800044-1', 6);
insert into "ticketsApp_vehicle" (plate, internal_number, capacity, business_id, user_id) values ('UPP771', 'CH450', 19, '891800044-1', 7);
insert into "ticketsApp_vehicle" (plate, internal_number, capacity, business_id, user_id) values ('WLN439', 'CH555', 19, '891800044-1', 8);
insert into "ticketsApp_vehicle" (plate, internal_number, capacity, business_id, user_id) values ('WLS887', 'CH530', 19, '891800044-1', 7);
insert into "ticketsApp_vehicle" (plate, internal_number, capacity, business_id, user_id) values ('WLS925', 'CH675', 19, '891800044-1', 6);
insert into "ticketsApp_vehicle" (plate, internal_number, capacity, business_id, user_id) values ('SKV539', 'CT354', 32, '891855257-8', 8);
insert into "ticketsApp_vehicle" (plate, internal_number, capacity, business_id, user_id) values ('XGD236', 'CH360', 19, '891800044-1', 8);
insert into "ticketsApp_vehicle" (plate, internal_number, capacity, business_id, user_id) values ('XGD274', 'CH379', 19, '891800044-1', 7);
insert into "ticketsApp_vehicle" (plate, internal_number, capacity, business_id, user_id) values ('XID805', 'CH455', 14, '891800044-1', 6);
insert into "ticketsApp_vehicle" (plate, internal_number, capacity, business_id, user_id) values ('XID893', 'CH525', 17, '891800044-1', 8);
insert into "ticketsApp_vehicle" (plate, internal_number, capacity, business_id, user_id) values ('XID958', 'CH685', 17, '891800044-1', 6);
insert into "ticketsApp_vehicle" (plate, internal_number, capacity, business_id, user_id) values ('XIE178', 'CH440', 19, '891800044-1', 8);
insert into "ticketsApp_vehicle" (plate, internal_number, capacity, business_id, user_id) values ('SKV519', 'F369', 19, '891800075-8', 6);
insert into "ticketsApp_vehicle" (plate, internal_number, capacity, business_id, user_id) values ('XIE222', 'CH550', 19, '891800044-1', 6);
insert into "ticketsApp_vehicle" (plate, internal_number, capacity, business_id, user_id) values ('XIE230', 'CH600', 19, '891800044-1', 8);
insert into "ticketsApp_vehicle" (plate, internal_number, capacity, business_id, user_id) values ('XIE238', 'CH690', 19, '891800044-1', 7);
insert into "ticketsApp_vehicle" (plate, internal_number, capacity, business_id, user_id) values ('XIE363', 'CH695', 19, '891800044-1', 8);
insert into "ticketsApp_vehicle" (plate, internal_number, capacity, business_id, user_id) values ('XIE403', 'CH545', 19, '891800044-1', 6);
insert into "ticketsApp_vehicle" (plate, internal_number, capacity, business_id, user_id) values ('XIE505', 'CH465', 19, '891800044-1', 7);
insert into "ticketsApp_vehicle" (plate, internal_number, capacity, business_id, user_id) values ('XJA271', 'CH540', 19, '891800044-1', 8);
insert into "ticketsApp_vehicle" (plate, internal_number, capacity, business_id, user_id) values ('XJA625', 'CH605', 19, '891800044-1', 8);
insert into "ticketsApp_vehicle" (plate, internal_number, capacity, business_id, user_id) values ('XJA635', 'CH615', 19, '891800044-1', 6);
insert into "ticketsApp_vehicle" (plate, internal_number, capacity, business_id, user_id) values ('XJA778', 'CH625', 19, '891800044-1', 7);
insert into "ticketsApp_vehicle" (plate, internal_number, capacity, business_id, user_id) values ('XJA814', 'CH475', 19, '891800044-1', 8);
insert into "ticketsApp_vehicle" (plate, internal_number, capacity, business_id, user_id) values ('XJB283', 'CH570', 19, '891800044-1', 6);
insert into "ticketsApp_vehicle" (plate, internal_number, capacity, business_id, user_id) values ('TDX806', 'A1403', 19, '860001371-2', 6);
insert into "ticketsApp_vehicle" (plate, internal_number, capacity, business_id, user_id) values ('SKP150', 'CT146', 35, '891855257-8', 6);
insert into "ticketsApp_vehicle" (plate, internal_number, capacity, business_id, user_id) values ('SKV655', 'CT310', 31, '891855257-8', 7);
insert into "ticketsApp_vehicle" (plate, internal_number, capacity, business_id, user_id) values ('XGD671', 'CT307', 32, '891855257-8', 7);
insert into "ticketsApp_vehicle" (plate, internal_number, capacity, business_id, user_id) values ('XGC773', 'F377', 19, '891800075-8', 7);
insert into "ticketsApp_vehicle" (plate, internal_number, capacity, business_id, user_id) values ('SKV612', 'CX575', 19, '891800043-1', 6);
insert into "ticketsApp_vehicle" (plate, internal_number, capacity, business_id, user_id) values ('SKV549', 'CT365', 30, '891855257-8', 7);
insert into "ticketsApp_vehicle" (plate, internal_number, capacity, business_id, user_id) values ('TDY191', '2005', 19, '800174156-9', 7);


-- PAY ROLL

insert into "ticketsApp_payroll" (id, date, retention, date_start, date_end, boxOffice_id, vehicle_id) values (1, '2019-12-17', 0, '09:10:53', '09:11:13', 3, 'LTP072');
insert into "ticketsApp_payroll" (id, date, retention, date_start, date_end, boxOffice_id, vehicle_id) values (2, '2019-12-17', 0, '09:10:53', '09:11:13', 3, 'LTP072');
insert into "ticketsApp_payroll" (id, date, retention, date_start, date_end, boxOffice_id, vehicle_id) values (3, '2019-12-17', 27, '09:17:06', '09:17:18', 3, 'XID662');
insert into "ticketsApp_payroll" (id, date, retention, date_start, date_end, boxOffice_id, vehicle_id) values (4, '2019-12-17', 1224, '09:25:29', '09:26:29', 4, 'SMK866');
insert into "ticketsApp_payroll" (id, date, retention, date_start, date_end, boxOffice_id, vehicle_id) values (5, '2019-12-18', 7520, '02:16:06', '02:16:26', 3, 'SQK883');
insert into "ticketsApp_payroll" (id, date, retention, date_start, date_end, boxOffice_id, vehicle_id) values (6, '2019-12-01', 0, '23:19:14', '23:20:22', 3, 'XGD022');
insert into "ticketsApp_payroll" (id, date, retention, date_start, date_end, boxOffice_id, vehicle_id) values (7, '2019-12-30', 1499, '10:50:31', '10:52:50', 3, 'XID662');
insert into "ticketsApp_payroll" (id, date, retention, date_start, date_end, boxOffice_id, vehicle_id) values (8, '2019-12-30', 4671, '10:49:50', '10:53:13', 4, 'WDT381');
insert into "ticketsApp_payroll" (id, date, retention, date_start, date_end, boxOffice_id, vehicle_id) values (9, '2019-12-30', 711, '10:51:51', '10:53:22', 3, 'XID758');
insert into "ticketsApp_payroll" (id, date, retention, date_start, date_end, boxOffice_id, vehicle_id) values (10, '2019-12-30', 0, '10:50:12', '10:54:12', 3, 'LTP072');
insert into "ticketsApp_payroll" (id, date, retention, date_start, date_end, boxOffice_id, vehicle_id) values (11, '2020-01-27', 0, '11:53:40', '11:55:46', 4, 'WDT381');
insert into "ticketsApp_payroll" (id, date, retention, date_start, date_end, boxOffice_id, vehicle_id) values (12, '2020-01-27', 0, '11:53:40', '11:55:46', 4, 'WDT381');
insert into "ticketsApp_payroll" (id, date, retention, date_start, date_end, boxOffice_id, vehicle_id) values (13, '2020-01-27', 0, '11:53:50', '11:56:00', 4, 'XID662');
insert into "ticketsApp_payroll" (id, date, retention, date_start, date_end, boxOffice_id, vehicle_id) values (14, '2020-01-27', 0, '11:54:38', '11:56:03', 4, 'XID635');
insert into "ticketsApp_payroll" (id, date, retention, date_start, date_end, boxOffice_id, vehicle_id) values (15, '2020-02-24', 0, '20:59:51', '21:09:51', 4, 'XID797');
insert into "ticketsApp_payroll" (id, date, retention, date_start, date_end, boxOffice_id, vehicle_id) values (16, '2020-02-24', 0, '21:41:06', '21:45:23', 4, 'LTP072');
insert into "ticketsApp_payroll" (id, date, retention, date_start, date_end, boxOffice_id, vehicle_id) values (17, '2020-02-24', 0, '21:45:54', '21:46:44', 3, 'WLT204');
insert into "ticketsApp_payroll" (id, date, retention, date_start, date_end, boxOffice_id, vehicle_id) values (18, '2020-02-24', 0, '21:47:15', '21:48:43', 3, 'SMK884');
insert into "ticketsApp_payroll" (id, date, retention, date_start, date_end, boxOffice_id, vehicle_id) values (19, '2020-02-24', 0, '21:49:01', '21:49:13', 3, 'SKV561');
insert into "ticketsApp_payroll" (id, date, retention, date_start, date_end, boxOffice_id, vehicle_id) values (20, '2020-02-24', 0, '21:49:31', '21:50:04', 4, 'TUL183');
insert into "ticketsApp_payroll" (id, date, retention, date_start, date_end, boxOffice_id, vehicle_id) values (21, '2020-02-24', 0, '21:50:37', '21:51:37', 4, 'SST197');
insert into "ticketsApp_payroll" (id, date, retention, date_start, date_end, boxOffice_id, vehicle_id) values (22, '2022-02-04', 0, '10:06:48', '10:20:48', 3, 'LTP072');
insert into "ticketsApp_payroll" (id, date, retention, date_start, date_end, boxOffice_id, vehicle_id) values (23, '2022-07-11', 0, '11:54:31', '11:57:31', 4, 'LTP072');
insert into "ticketsApp_payroll" (id, date, retention, date_start, date_end, boxOffice_id, vehicle_id) values (24, '2022-08-12', 0, '14:05:31', '14:20:31', 3, 'LTP072');
insert into "ticketsApp_payroll" (id, date, retention, date_start, date_end, boxOffice_id, vehicle_id) values (25, '2022-08-22', 0, '14:26:13', '14:28:13', 3, 'LTP072');
insert into "ticketsApp_payroll" (id, date, retention, date_start, date_end, boxOffice_id, vehicle_id) values (26, '2022-08-22', 0, '14:29:28', '14:30:28', 4, 'SMK884');
insert into "ticketsApp_payroll" (id, date, retention, date_start, date_end, boxOffice_id, vehicle_id) values (27, '2022-08-23', 0, '06:29:52', '06:34:52', 3, 'LTP072');
insert into "ticketsApp_payroll" (id, date, retention, date_start, date_end, boxOffice_id, vehicle_id) values (28, '2023-01-04', 0, '15:13:43', '15:14:01', 4, 'TUL172');
insert into "ticketsApp_payroll" (id, date, retention, date_start, date_end, boxOffice_id, vehicle_id) values (29, '2023-01-10', 0, '15:21:42', '15:22:42', 3, 'WZH371');
insert into "ticketsApp_payroll" (id, date, retention, date_start, date_end, boxOffice_id, vehicle_id) values (30, '2023-01-10', 0, '16:15:44', '16:16:08', 3, 'LTP072');
insert into "ticketsApp_payroll" (id, date, retention, date_start, date_end, boxOffice_id, vehicle_id) values (31, '2023-01-10', 0, '16:20:10', '16:22:10', 3, 'LTP072');


-- TICKETS

insert into "ticketsApp_ticket" (id, generate_date, departure_time, quantity, state, total_value, box_office_id, client_id, road_id, vehicle_id) values (2, '2023-01-13 18:47:57.794774 +00:00', '2023-01-13 19:47:57.794774 +00:00', 0, false, 0, 3, 5, 5, 'XGD022');
insert into "ticketsApp_ticket" (id, generate_date, departure_time, quantity, state, total_value, box_office_id, client_id, road_id, vehicle_id) values (3, '2023-01-13 18:47:57.794774 +00:00', '2023-01-13 19:47:57.794774 +00:00', 3, true, 102000, 4, 1, 21, 'XGD022');
insert into "ticketsApp_ticket" (id, generate_date, departure_time, quantity, state, total_value, box_office_id, client_id, road_id, vehicle_id) values (4, '2023-01-13 18:47:57.794774 +00:00', '2023-01-13 19:47:57.794774 +00:00', 4, true, 44000, 3, 5, 6, 'XGD022');
insert into "ticketsApp_ticket" (id, generate_date, departure_time, quantity, state, total_value, box_office_id, client_id, road_id, vehicle_id) values (5, '2023-01-13 18:47:57.794774 +00:00', '2023-01-13 19:47:57.794774 +00:00', 2, true, 46000, 3, 1, 7, 'XGD022');
insert into "ticketsApp_ticket" (id, generate_date, departure_time, quantity, state, total_value, box_office_id, client_id, road_id, vehicle_id) values (6, '2023-01-13 18:47:57.794774 +00:00', '2023-01-13 19:47:57.794774 +00:00', 1, true, 22000, 3, 2, 15, 'XGD022');
insert into "ticketsApp_ticket" (id, generate_date, departure_time, quantity, state, total_value, box_office_id, client_id, road_id, vehicle_id) values (7, '2023-01-13 18:47:57.794774 +00:00', '2023-01-13 19:47:57.794774 +00:00', 0, false, 0, 4, 3, 28, 'LTP072');
insert into "ticketsApp_ticket" (id, generate_date, departure_time, quantity, state, total_value, box_office_id, client_id, road_id, vehicle_id) values (8, '2023-01-13 18:47:57.794774 +00:00', '2023-01-13 19:47:57.794774 +00:00', 3, true, 42000, 3, 2, 13, 'LTP072');
insert into "ticketsApp_ticket" (id, generate_date, departure_time, quantity, state, total_value, box_office_id, client_id, road_id, vehicle_id) values (9, '2023-01-13 18:47:57.794774 +00:00', '2023-01-13 19:47:57.794774 +00:00', 4, true, 64000, 4, 5, 32, 'LTP072');
insert into "ticketsApp_ticket" (id, generate_date, departure_time, quantity, state, total_value, box_office_id, client_id, road_id, vehicle_id) values (10, '2023-01-13 18:47:57.794774 +00:00', '2023-01-13 19:47:57.794774 +00:00', 2, true, 32000, 4, 4, 1, 'LTP072');
insert into "ticketsApp_ticket" (id, generate_date, departure_time, quantity, state, total_value, box_office_id, client_id, road_id, vehicle_id) values (11, '2023-01-12 18:47:57.794774 +00:00', '2023-01-12 19:47:57.794774 +00:00', 2, true, 26000, 3, 4, 18, 'LTP072');
insert into "ticketsApp_ticket" (id, generate_date, departure_time, quantity, state, total_value, box_office_id, client_id, road_id, vehicle_id) values (12, '2023-01-12 18:47:57.794774 +00:00', '2023-01-12 19:47:57.794774 +00:00', 8, true, 200000, 3, 1, 42, 'LTP072');
insert into "ticketsApp_ticket" (id, generate_date, departure_time, quantity, state, total_value, box_office_id, client_id, road_id, vehicle_id) values (13, '2023-01-12 18:47:57.794774 +00:00', '2023-01-12 19:47:57.794774 +00:00', 0, false, 0, 3, 5, 49, 'LTP072');
insert into "ticketsApp_ticket" (id, generate_date, departure_time, quantity, state, total_value, box_office_id, client_id, road_id, vehicle_id) values (14, '2023-01-12 18:47:57.794774 +00:00', '2023-01-12 19:47:57.794774 +00:00', 3, true, 24000, 3, 3, 25, 'LTP072');
insert into "ticketsApp_ticket" (id, generate_date, departure_time, quantity, state, total_value, box_office_id, client_id, road_id, vehicle_id) values (15, '2023-01-12 18:47:57.794774 +00:00', '2023-01-12 19:47:57.794774 +00:00', 3, true, 27000, 4, 3, 34, 'LTP072');
insert into "ticketsApp_ticket" (id, generate_date, departure_time, quantity, state, total_value, box_office_id, client_id, road_id, vehicle_id) values (16, '2023-01-12 18:47:57.794774 +00:00', '2023-01-12 19:47:57.794774 +00:00', 0, true, 0, 4, 4, 32, 'XID662');
insert into "ticketsApp_ticket" (id, generate_date, departure_time, quantity, state, total_value, box_office_id, client_id, road_id, vehicle_id) values (17, '2023-01-12 18:47:57.794774 +00:00', '2023-01-12 19:47:57.794774 +00:00', 2, true, 16000, 3, 1, 13, 'XID662');
insert into "ticketsApp_ticket" (id, generate_date, departure_time, quantity, state, total_value, box_office_id, client_id, road_id, vehicle_id) values (18, '2023-01-12 18:47:57.794774 +00:00', '2023-01-12 19:47:57.794774 +00:00', 4, true, 52000, 3, 2, 15, 'XID662');
insert into "ticketsApp_ticket" (id, generate_date, departure_time, quantity, state, total_value, box_office_id, client_id, road_id, vehicle_id) values (19, '2023-01-12 18:47:57.794774 +00:00', '2023-01-12 19:47:57.794774 +00:00', 0, false, 0, 3, 4, 26, 'SMK866');
insert into "ticketsApp_ticket" (id, generate_date, departure_time, quantity, state, total_value, box_office_id, client_id, road_id, vehicle_id) values (20, '2023-01-12 18:47:57.794774 +00:00', '2023-01-12 19:47:57.794774 +00:00', 2, true, 16000, 4, 4, 50, 'SMK866');
insert into "ticketsApp_ticket" (id, generate_date, departure_time, quantity, state, total_value, box_office_id, client_id, road_id, vehicle_id) values (21, '2023-01-11 18:47:57.794774 +00:00', '2023-01-11 19:47:57.794774 +00:00', 4, true, 52000, 4, 4, 37, 'SMK866');
insert into "ticketsApp_ticket" (id, generate_date, departure_time, quantity, state, total_value, box_office_id, client_id, road_id, vehicle_id) values (22, '2023-01-11 18:47:57.794774 +00:00', '2023-01-11 19:47:57.794774 +00:00', 0, false, 0, 4, 1, 48, 'XID687');
insert into "ticketsApp_ticket" (id, generate_date, departure_time, quantity, state, total_value, box_office_id, client_id, road_id, vehicle_id) values (23, '2023-01-11 18:47:57.794774 +00:00', '2023-01-11 19:47:57.794774 +00:00', 12, true, 132000, 3, 2, 19, 'XID687');
insert into "ticketsApp_ticket" (id, generate_date, departure_time, quantity, state, total_value, box_office_id, client_id, road_id, vehicle_id) values (24, '2023-01-11 18:47:57.794774 +00:00', '2023-01-11 19:47:57.794774 +00:00', 5, true, 80000, 4, 2, 47, 'XID687');
insert into "ticketsApp_ticket" (id, generate_date, departure_time, quantity, state, total_value, box_office_id, client_id, road_id, vehicle_id) values (25, '2023-01-11 18:47:57.794774 +00:00', '2023-01-11 19:47:57.794774 +00:00', 0, false, 0, 3, 1, 12, 'XIE082');
insert into "ticketsApp_ticket" (id, generate_date, departure_time, quantity, state, total_value, box_office_id, client_id, road_id, vehicle_id) values (26, '2023-01-11 18:47:57.794774 +00:00', '2023-01-11 19:47:57.794774 +00:00', 3, true, 27000, 4, 1, 2, 'XIE082');
insert into "ticketsApp_ticket" (id, generate_date, departure_time, quantity, state, total_value, box_office_id, client_id, road_id, vehicle_id) values (27, '2023-01-11 18:47:57.794774 +00:00', '2023-01-11 19:47:57.794774 +00:00', 5, true, 65000, 3, 5, 25, 'XIE082');
insert into "ticketsApp_ticket" (id, generate_date, departure_time, quantity, state, total_value, box_office_id, client_id, road_id, vehicle_id) values (28, '2023-01-11 18:47:57.794774 +00:00', '2023-01-11 19:47:57.794774 +00:00', 0, false, 0, 3, 1, 48, 'XID797');
insert into "ticketsApp_ticket" (id, generate_date, departure_time, quantity, state, total_value, box_office_id, client_id, road_id, vehicle_id) values (29, '2023-01-11 18:47:57.794774 +00:00', '2023-01-11 19:47:57.794774 +00:00', 5, true, 45000, 3, 5, 6, 'XID797');
insert into "ticketsApp_ticket" (id, generate_date, departure_time, quantity, state, total_value, box_office_id, client_id, road_id, vehicle_id) values (30, '2023-01-11 18:47:57.794774 +00:00', '2023-01-11 19:47:57.794774 +00:00', 8, true, 104000, 3, 5, 12, 'XID797');
insert into "ticketsApp_ticket" (id, generate_date, departure_time, quantity, state, total_value, box_office_id, client_id, road_id, vehicle_id) values (31, '2023-01-11 18:47:57.794774 +00:00', '2023-01-11 19:47:57.794774 +00:00', 0, false, 0, 3, 4, 3, 'WZH371');
insert into "ticketsApp_ticket" (id, generate_date, departure_time, quantity, state, total_value, box_office_id, client_id, road_id, vehicle_id) values (32, '2023-01-11 18:47:57.794774 +00:00', '2023-01-11 19:47:57.794774 +00:00', 6, true, 48000, 4, 4, 26, 'WZH371');
insert into "ticketsApp_ticket" (id, generate_date, departure_time, quantity, state, total_value, box_office_id, client_id, road_id, vehicle_id) values (33, '2023-01-11 18:47:57.794774 +00:00', '2023-01-11 19:47:57.794774 +00:00', 3, true, 48000, 4, 1, 48, 'WZH371');
insert into "ticketsApp_ticket" (id, generate_date, departure_time, quantity, state, total_value, box_office_id, client_id, road_id, vehicle_id) values (34, '2023-01-11 18:47:57.794774 +00:00', '2023-01-11 19:47:57.794774 +00:00', 0, false, 0, 3, 1, 38, 'XID797');
insert into "ticketsApp_ticket" (id, generate_date, departure_time, quantity, state, total_value, box_office_id, client_id, road_id, vehicle_id) values (35, '2023-01-11 18:47:57.794774 +00:00', '2023-01-11 19:47:57.794774 +00:00', 3, true, 24000, 4, 1, 47, 'XID797');
insert into "ticketsApp_ticket" (id, generate_date, departure_time, quantity, state, total_value, box_office_id, client_id, road_id, vehicle_id) values (36, '2023-01-11 18:47:57.794774 +00:00', '2023-01-11 19:47:57.794774 +00:00', 2, true, 5000, 3, 5, 49, 'XID797');
insert into "ticketsApp_ticket" (id, generate_date, departure_time, quantity, state, total_value, box_office_id, client_id, road_id, vehicle_id) values (37, '2023-01-11 18:47:57.794774 +00:00', '2023-01-11 19:47:57.794774 +00:00', 2, true, 24000, 3, 3, 14, 'XID797');
insert into "ticketsApp_ticket" (id, generate_date, departure_time, quantity, state, total_value, box_office_id, client_id, road_id, vehicle_id) values (38, '2023-01-11 18:47:57.794774 +00:00', '2023-01-11 19:47:57.794774 +00:00', 0, false, 0, 4, 4, 14, 'TWA100');
insert into "ticketsApp_ticket" (id, generate_date, departure_time, quantity, state, total_value, box_office_id, client_id, road_id, vehicle_id) values (39, '2023-01-11 18:47:57.794774 +00:00', '2023-01-11 19:47:57.794774 +00:00', 4, true, 36000, 4, 2, 45, 'TWA100');
insert into "ticketsApp_ticket" (id, generate_date, departure_time, quantity, state, total_value, box_office_id, client_id, road_id, vehicle_id) values (40, '2023-01-11 18:47:57.794774 +00:00', '2023-01-11 19:47:57.794774 +00:00', 7, true, 112000, 4, 1, 50, 'TWA100');
insert into "ticketsApp_ticket" (id, generate_date, departure_time, quantity, state, total_value, box_office_id, client_id, road_id, vehicle_id) values (41, '2023-01-10 18:47:57.794774 +00:00', '2023-01-10 19:47:57.794774 +00:00', 0, false, 0, 3, 4, 18, 'XJA705');
insert into "ticketsApp_ticket" (id, generate_date, departure_time, quantity, state, total_value, box_office_id, client_id, road_id, vehicle_id) values (42, '2023-01-10 18:47:57.794774 +00:00', '2023-01-10 19:47:57.794774 +00:00', 5, true, 150000, 3, 2, 8, 'XJA705');
insert into "ticketsApp_ticket" (id, generate_date, departure_time, quantity, state, total_value, box_office_id, client_id, road_id, vehicle_id) values (43, '2023-01-10 18:47:57.794774 +00:00', '2023-01-10 19:47:57.794774 +00:00', 7, true, 196000, 3, 3, 17, 'XJA705');
insert into "ticketsApp_ticket" (id, generate_date, departure_time, quantity, state, total_value, box_office_id, client_id, road_id, vehicle_id) values (44, '2023-01-10 18:47:57.794774 +00:00', '2023-01-10 19:47:57.794774 +00:00', 0, false, 0, 3, 1, 3, 'XIE567');
insert into "ticketsApp_ticket" (id, generate_date, departure_time, quantity, state, total_value, box_office_id, client_id, road_id, vehicle_id) values (45, '2023-01-10 18:47:57.794774 +00:00', '2023-01-10 19:47:57.794774 +00:00', 7, true, 63000, 3, 1, 38, 'XIE567');
insert into "ticketsApp_ticket" (id, generate_date, departure_time, quantity, state, total_value, box_office_id, client_id, road_id, vehicle_id) values (46, '2023-01-10 18:47:57.794774 +00:00', '2023-01-10 19:47:57.794774 +00:00', 4, true, 44000, 4, 4, 31, 'XIE567');
insert into "ticketsApp_ticket" (id, generate_date, departure_time, quantity, state, total_value, box_office_id, client_id, road_id, vehicle_id) values (47, '2023-01-10 18:47:57.794774 +00:00', '2023-01-10 19:47:57.794774 +00:00', 0, false, 0, 4, 3, 17, 'SQK883');
insert into "ticketsApp_ticket" (id, generate_date, departure_time, quantity, state, total_value, box_office_id, client_id, road_id, vehicle_id) values (48, '2023-01-10 18:47:57.794774 +00:00', '2023-01-10 19:47:57.794774 +00:00', 5, true, 40000, 3, 3, 1, 'SQK883');
insert into "ticketsApp_ticket" (id, generate_date, departure_time, quantity, state, total_value, box_office_id, client_id, road_id, vehicle_id) values (49, '2023-01-10 18:47:57.794774 +00:00', '2023-01-10 19:47:57.794774 +00:00', 4, true, 52000, 3, 5, 22, 'SQK883');
insert into "ticketsApp_ticket" (id, generate_date, departure_time, quantity, state, total_value, box_office_id, client_id, road_id, vehicle_id) values (50, '2023-01-10 18:47:57.794774 +00:00', '2023-01-10 19:47:57.794774 +00:00', 3, true, 96000, 3, 3, 18, 'SQK883');
insert into "ticketsApp_ticket" (id, generate_date, departure_time, quantity, state, total_value, box_office_id, client_id, road_id, vehicle_id) values (51, '2023-01-10 18:47:57.794774 +00:00', '2023-01-10 19:47:57.794774 +00:00', 0, false, 0, 3, 5, 30, 'XID662');
insert into "ticketsApp_ticket" (id, generate_date, departure_time, quantity, state, total_value, box_office_id, client_id, road_id, vehicle_id) values (52, '2023-01-14 18:47:57.794774 +00:00', '2023-01-14 19:47:57.794774 +00:00', 3, true, 11700, 3, 4, 5, 'XID662');
insert into "ticketsApp_ticket" (id, generate_date, departure_time, quantity, state, total_value, box_office_id, client_id, road_id, vehicle_id) values (53, '2023-01-14 18:47:57.794774 +00:00', '2023-01-14 19:47:57.794774 +00:00', 4, true, 13600, 3, 1, 34, 'XID662');
insert into "ticketsApp_ticket" (id, generate_date, departure_time, quantity, state, total_value, box_office_id, client_id, road_id, vehicle_id) values (54, '2023-01-14 18:47:57.794774 +00:00', '2023-01-14 19:47:57.794774 +00:00', 10, true, 58000, 4, 2, 50, 'XID662');
insert into "ticketsApp_ticket" (id, generate_date, departure_time, quantity, state, total_value, box_office_id, client_id, road_id, vehicle_id) values (55, '2023-01-14 18:47:57.794774 +00:00', '2023-01-14 19:47:57.794774 +00:00', 0, false, 0, 3, 3, 29, 'WDT381');
insert into "ticketsApp_ticket" (id, generate_date, departure_time, quantity, state, total_value, box_office_id, client_id, road_id, vehicle_id) values (56, '2023-01-14 18:47:57.794774 +00:00', '2023-01-14 19:47:57.794774 +00:00', 4, true, 12000, 4, 4, 18, 'WDT381');
insert into "ticketsApp_ticket" (id, generate_date, departure_time, quantity, state, total_value, box_office_id, client_id, road_id, vehicle_id) values (57, '2023-01-14 18:47:57.794774 +00:00', '2023-01-14 19:47:57.794774 +00:00', 5, true, 22500, 4, 2, 34, 'WDT381');
insert into "ticketsApp_ticket" (id, generate_date, departure_time, quantity, state, total_value, box_office_id, client_id, road_id, vehicle_id) values (58, '2023-01-14 18:47:57.794774 +00:00', '2023-01-14 19:47:57.794774 +00:00', 30, true, 225000, 3, 1, 27, 'WDT381');
insert into "ticketsApp_ticket" (id, generate_date, departure_time, quantity, state, total_value, box_office_id, client_id, road_id, vehicle_id) values (59, '2023-01-14 18:47:57.794774 +00:00', '2023-01-14 19:47:57.794774 +00:00', 0, false, 0, 3, 4, 20, 'XID758');
insert into "ticketsApp_ticket" (id, generate_date, departure_time, quantity, state, total_value, box_office_id, client_id, road_id, vehicle_id) values (60, '2023-01-14 18:47:57.794774 +00:00', '2023-01-14 19:47:57.794774 +00:00', 4, true, 8000, 3, 5, 46, 'XID758');
insert into "ticketsApp_ticket" (id, generate_date, departure_time, quantity, state, total_value, box_office_id, client_id, road_id, vehicle_id) values (61, '2023-01-14 18:47:57.794774 +00:00', '2023-01-14 19:47:57.794774 +00:00', 7, true, 31500, 3, 3, 10, 'XID758');
insert into "ticketsApp_ticket" (id, generate_date, departure_time, quantity, state, total_value, box_office_id, client_id, road_id, vehicle_id) values (62, '2023-01-14 18:47:57.794774 +00:00', '2023-01-14 19:47:57.794774 +00:00', 0, false, 0, 3, 4, 17, 'LTP072');
insert into "ticketsApp_ticket" (id, generate_date, departure_time, quantity, state, total_value, box_office_id, client_id, road_id, vehicle_id) values (63, '2023-01-14 18:47:57.794774 +00:00', '2023-01-14 19:47:57.794774 +00:00', 4, true, 22000, 3, 2, 19, 'LTP072');
insert into "ticketsApp_ticket" (id, generate_date, departure_time, quantity, state, total_value, box_office_id, client_id, road_id, vehicle_id) values (64, '2023-01-14 18:47:57.794774 +00:00', '2023-01-14 19:47:57.794774 +00:00', 6, true, 30000, 4, 4, 11, 'LTP072');
insert into "ticketsApp_ticket" (id, generate_date, departure_time, quantity, state, total_value, box_office_id, client_id, road_id, vehicle_id) values (65, '2023-01-14 18:47:57.794774 +00:00', '2023-01-14 19:47:57.794774 +00:00', 0, false, 0, 3, 5, 21, 'WDT381');
insert into "ticketsApp_ticket" (id, generate_date, departure_time, quantity, state, total_value, box_office_id, client_id, road_id, vehicle_id) values (66, '2023-01-14 18:47:57.794774 +00:00', '2023-01-14 19:47:57.794774 +00:00', 0, false, 0, 3, 4, 22, 'XID662');
insert into "ticketsApp_ticket" (id, generate_date, departure_time, quantity, state, total_value, box_office_id, client_id, road_id, vehicle_id) values (67, '2023-01-14 18:47:57.794774 +00:00', '2023-01-14 19:47:57.794774 +00:00', 0, false, 0, 3, 4, 37, 'XID635');
insert into "ticketsApp_ticket" (id, generate_date, departure_time, quantity, state, total_value, box_office_id, client_id, road_id, vehicle_id) values (68, '2023-01-14 18:47:57.794774 +00:00', '2023-01-14 19:47:57.794774 +00:00', 4, true, 23200, 3, 5, 24, 'XID635');
insert into "ticketsApp_ticket" (id, generate_date, departure_time, quantity, state, total_value, box_office_id, client_id, road_id, vehicle_id) values (69, '2023-01-14 18:47:57.794774 +00:00', '2023-01-14 19:47:57.794774 +00:00', 4, true, 17600, 4, 1, 41, 'XID635');
insert into "ticketsApp_ticket" (id, generate_date, departure_time, quantity, state, total_value, box_office_id, client_id, road_id, vehicle_id) values (70, '2023-01-14 18:47:57.794774 +00:00', '2023-01-14 19:47:57.794774 +00:00', 5, true, 27500, 3, 4, 22, 'XID635');
insert into "ticketsApp_ticket" (id, generate_date, departure_time, quantity, state, total_value, box_office_id, client_id, road_id, vehicle_id) values (71, '2023-01-14 18:47:57.794774 +00:00', '2023-01-14 19:47:57.794774 +00:00', 3, true, 15000, 4, 1, 4, 'WDT381');
insert into "ticketsApp_ticket" (id, generate_date, departure_time, quantity, state, total_value, box_office_id, client_id, road_id, vehicle_id) values (72, '2023-01-14 18:47:57.794774 +00:00', '2023-01-14 19:47:57.794774 +00:00', 3, true, 13500, 3, 2, 41, 'WDT381');
insert into "ticketsApp_ticket" (id, generate_date, departure_time, quantity, state, total_value, box_office_id, client_id, road_id, vehicle_id) values (73, '2023-01-14 18:47:57.794774 +00:00', '2023-01-14 19:47:57.794774 +00:00', 21, true, 94500, 4, 3, 13, 'WDT381');
insert into "ticketsApp_ticket" (id, generate_date, departure_time, quantity, state, total_value, box_office_id, client_id, road_id, vehicle_id) values (74, '2023-01-14 18:47:57.794774 +00:00', '2023-01-14 19:47:57.794774 +00:00', 0, false, 0, 4, 4, 29, 'XID662');
insert into "ticketsApp_ticket" (id, generate_date, departure_time, quantity, state, total_value, box_office_id, client_id, road_id, vehicle_id) values (75, '2023-01-14 18:47:57.794774 +00:00', '2023-01-14 19:47:57.794774 +00:00', 7, true, 52500, 3, 3, 11, 'XID662');
insert into "ticketsApp_ticket" (id, generate_date, departure_time, quantity, state, total_value, box_office_id, client_id, road_id, vehicle_id) values (76, '2023-01-14 18:47:57.794774 +00:00', '2023-01-14 19:47:57.794774 +00:00', 2, true, 6000, 3, 2, 50, 'XID662');
insert into "ticketsApp_ticket" (id, generate_date, departure_time, quantity, state, total_value, box_office_id, client_id, road_id, vehicle_id) values (77, '2023-01-14 18:47:57.794774 +00:00', '2023-01-14 19:47:57.794774 +00:00', 19, true, 133000, 4, 1, 37, 'XID662');
insert into "ticketsApp_ticket" (id, generate_date, departure_time, quantity, state, total_value, box_office_id, client_id, road_id, vehicle_id) values (78, '2023-01-14 18:47:57.794774 +00:00', '2023-01-14 19:47:57.794774 +00:00', 3, true, 15000, 4, 4, 16, 'XID662');
insert into "ticketsApp_ticket" (id, generate_date, departure_time, quantity, state, total_value, box_office_id, client_id, road_id, vehicle_id) values (79, '2023-01-14 18:47:57.794774 +00:00', '2023-01-14 19:47:57.794774 +00:00', 3, true, 15000, 3, 3, 12, 'XID662');
insert into "ticketsApp_ticket" (id, generate_date, departure_time, quantity, state, total_value, box_office_id, client_id, road_id, vehicle_id) values (80, '2023-01-10 19:47:57.794774 +00:00', '2023-01-10 19:47:57.794774 +00:00', 2, true, 9000, 4, 4, 2, 'XID662');
insert into "ticketsApp_ticket" (id, generate_date, departure_time, quantity, state, total_value, box_office_id, client_id, road_id, vehicle_id) values (81, '2023-01-10 19:47:57.794774 +00:00', '2023-01-10 19:47:57.794774 +00:00', 17, true, 76500, 4, 5, 31, 'XID662');
insert into "ticketsApp_ticket" (id, generate_date, departure_time, quantity, state, total_value, box_office_id, client_id, road_id, vehicle_id) values (82, '2023-01-10 19:47:57.794774 +00:00', '2023-01-10 19:47:57.794774 +00:00', 0, true, 0, 4, 4, 24, 'XID797');
insert into "ticketsApp_ticket" (id, generate_date, departure_time, quantity, state, total_value, box_office_id, client_id, road_id, vehicle_id) values (83, '2023-01-10 19:47:57.794774 +00:00', '2023-01-10 19:47:57.794774 +00:00', 1, true, 5000, 4, 4, 22, 'XID797');
insert into "ticketsApp_ticket" (id, generate_date, departure_time, quantity, state, total_value, box_office_id, client_id, road_id, vehicle_id) values (84, '2023-01-10 19:47:57.794774 +00:00', '2023-01-10 19:47:57.794774 +00:00', 0, false, 0, 4, 4, 18, 'LTP072');
insert into "ticketsApp_ticket" (id, generate_date, departure_time, quantity, state, total_value, box_office_id, client_id, road_id, vehicle_id) values (85, '2023-01-10 19:47:57.794774 +00:00', '2023-01-10 19:47:57.794774 +00:00', 7, true, 52500, 3, 4, 44, 'LTP072');
insert into "ticketsApp_ticket" (id, generate_date, departure_time, quantity, state, total_value, box_office_id, client_id, road_id, vehicle_id) values (86, '2023-01-10 19:47:57.794774 +00:00', '2023-01-10 19:47:57.794774 +00:00', 1, true, 7500, 4, 1, 38, 'LTP072');
insert into "ticketsApp_ticket" (id, generate_date, departure_time, quantity, state, total_value, box_office_id, client_id, road_id, vehicle_id) values (87, '2023-01-10 19:47:57.794774 +00:00', '2023-01-10 19:47:57.794774 +00:00', 1, true, 7500, 3, 5, 40, 'LTP072');
insert into "ticketsApp_ticket" (id, generate_date, departure_time, quantity, state, total_value, box_office_id, client_id, road_id, vehicle_id) values (88, '2023-01-10 19:47:57.794774 +00:00', '2023-01-10 19:47:57.794774 +00:00', 0, true, 0, 4, 3, 17, 'WLT204');
insert into "ticketsApp_ticket" (id, generate_date, departure_time, quantity, state, total_value, box_office_id, client_id, road_id, vehicle_id) values (89, '2023-01-10 19:47:57.794774 +00:00', '2023-01-10 19:47:57.794774 +00:00', 4, true, 20000, 4, 5, 29, 'WLT204');
insert into "ticketsApp_ticket" (id, generate_date, departure_time, quantity, state, total_value, box_office_id, client_id, road_id, vehicle_id) values (90, '2023-01-10 19:47:57.794774 +00:00', '2023-01-10 19:47:57.794774 +00:00', 2, true, 10000, 3, 5, 11, 'WLT204');
insert into "ticketsApp_ticket" (id, generate_date, departure_time, quantity, state, total_value, box_office_id, client_id, road_id, vehicle_id) values (91, '2023-01-10 19:47:57.794774 +00:00', '2023-01-10 19:47:57.794774 +00:00', 1, true, 5500, 3, 1, 12, 'WLT204');
insert into "ticketsApp_ticket" (id, generate_date, departure_time, quantity, state, total_value, box_office_id, client_id, road_id, vehicle_id) values (92, '2023-01-10 19:47:57.794774 +00:00', '2023-01-10 19:47:57.794774 +00:00', 0, true, 0, 3, 1, 48, 'SMK884');
insert into "ticketsApp_ticket" (id, generate_date, departure_time, quantity, state, total_value, box_office_id, client_id, road_id, vehicle_id) values (93, '2023-01-09 18:47:57.794774 +00:00', '2023-01-09 19:47:57.794774 +00:00', 4, true, 20000, 4, 1, 49, 'SMK884');
insert into "ticketsApp_ticket" (id, generate_date, departure_time, quantity, state, total_value, box_office_id, client_id, road_id, vehicle_id) values (94, '2023-01-09 18:47:57.794774 +00:00', '2023-01-09 19:47:57.794774 +00:00', 3, true, 12000, 4, 4, 23, 'SMK884');
insert into "ticketsApp_ticket" (id, generate_date, departure_time, quantity, state, total_value, box_office_id, client_id, road_id, vehicle_id) values (95, '2023-01-09 18:47:57.794774 +00:00', '2023-01-09 19:47:57.794774 +00:00', 1, true, 5000, 4, 4, 32, 'SMK884');
insert into "ticketsApp_ticket" (id, generate_date, departure_time, quantity, state, total_value, box_office_id, client_id, road_id, vehicle_id) values (96, '2023-01-09 18:47:57.794774 +00:00', '2023-01-09 19:47:57.794774 +00:00', 1, true, 5000, 4, 2, 24, 'SMK884');
insert into "ticketsApp_ticket" (id, generate_date, departure_time, quantity, state, total_value, box_office_id, client_id, road_id, vehicle_id) values (97, '2023-01-09 18:47:57.794774 +00:00', '2023-01-09 19:47:57.794774 +00:00', 0, true, 0, 3, 1, 47, 'SKV561');
insert into "ticketsApp_ticket" (id, generate_date, departure_time, quantity, state, total_value, box_office_id, client_id, road_id, vehicle_id) values (98, '2023-01-09 18:47:57.794774 +00:00', '2023-01-09 19:47:57.794774 +00:00', 2, true, 10000, 3, 3, 33, 'SKV561');
insert into "ticketsApp_ticket" (id, generate_date, departure_time, quantity, state, total_value, box_office_id, client_id, road_id, vehicle_id) values (99, '2023-01-09 18:47:57.794774 +00:00', '2023-01-09 19:47:57.794774 +00:00', 0, true, 0, 4, 5, 10, 'TUL183');
insert into "ticketsApp_ticket" (id, generate_date, departure_time, quantity, state, total_value, box_office_id, client_id, road_id, vehicle_id) values (100, '2023-01-09 18:47:57.794774 +00:00', '2023-01-09 19:47:57.794774 +00:00', 2, true, 15000, 4, 5, 23, 'TUL183');
insert into "ticketsApp_ticket" (id, generate_date, departure_time, quantity, state, total_value, box_office_id, client_id, road_id, vehicle_id) values (101, '2023-01-09 18:47:57.794774 +00:00', '2023-01-09 19:47:57.794774 +00:00', 3, true, 17400, 3, 4, 18, 'TUL183');
insert into "ticketsApp_ticket" (id, generate_date, departure_time, quantity, state, total_value, box_office_id, client_id, road_id, vehicle_id) values (102, '2023-01-09 18:47:57.794774 +00:00', '2023-01-09 19:47:57.794774 +00:00', 4, true, 30000, 3, 2, 23, 'TUL183');
insert into "ticketsApp_ticket" (id, generate_date, departure_time, quantity, state, total_value, box_office_id, client_id, road_id, vehicle_id) values (103, '2023-01-09 18:47:57.794774 +00:00', '2023-01-09 19:47:57.794774 +00:00', 0, true, 0, 4, 5, 36, 'SST197');
insert into "ticketsApp_ticket" (id, generate_date, departure_time, quantity, state, total_value, box_office_id, client_id, road_id, vehicle_id) values (104, '2023-01-09 18:47:57.794774 +00:00', '2023-01-09 19:47:57.794774 +00:00', 3, true, 17400, 4, 5, 37, 'SST197');
insert into "ticketsApp_ticket" (id, generate_date, departure_time, quantity, state, total_value, box_office_id, client_id, road_id, vehicle_id) values (105, '2023-01-09 18:47:57.794774 +00:00', '2023-01-09 19:47:57.794774 +00:00', 2, true, 10400, 3, 1, 27, 'SST197');
insert into "ticketsApp_ticket" (id, generate_date, departure_time, quantity, state, total_value, box_office_id, client_id, road_id, vehicle_id) values (106, '2023-01-09 18:47:57.794774 +00:00', '2023-01-09 19:47:57.794774 +00:00', 1, true, 2700, 3, 2, 45, 'SST197');
insert into "ticketsApp_ticket" (id, generate_date, departure_time, quantity, state, total_value, box_office_id, client_id, road_id, vehicle_id) values (107, '2023-01-09 18:47:57.794774 +00:00', '2023-01-09 19:47:57.794774 +00:00', 11, true, 63800, 3, 3, 7, 'SST197');
insert into "ticketsApp_ticket" (id, generate_date, departure_time, quantity, state, total_value, box_office_id, client_id, road_id, vehicle_id) values (108, '2023-01-09 18:47:57.794774 +00:00', '2023-01-09 19:47:57.794774 +00:00', 0, false, 0, 3, 4, 33, 'LTP072');
insert into "ticketsApp_ticket" (id, generate_date, departure_time, quantity, state, total_value, box_office_id, client_id, road_id, vehicle_id) values (109, '2023-01-09 18:47:57.794774 +00:00', '2023-01-09 19:47:57.794774 +00:00', 4, true, 30000, 3, 3, 45, 'LTP072');
insert into "ticketsApp_ticket" (id, generate_date, departure_time, quantity, state, total_value, box_office_id, client_id, road_id, vehicle_id) values (110, '2023-01-08 18:47:57.794774 +00:00', '2023-01-08 19:47:57.794774 +00:00', 0, true, 0, 3, 3, 17, 'LTP072');
insert into "ticketsApp_ticket" (id, generate_date, departure_time, quantity, state, total_value, box_office_id, client_id, road_id, vehicle_id) values (111, '2023-01-08 18:47:57.794774 +00:00', '2023-01-08 19:47:57.794774 +00:00', 1, true, 7500, 4, 3, 41, 'LTP072');
insert into "ticketsApp_ticket" (id, generate_date, departure_time, quantity, state, total_value, box_office_id, client_id, road_id, vehicle_id) values (112, '2023-01-08 18:47:57.794774 +00:00', '2023-01-08 19:47:57.794774 +00:00', 1, true, 7500, 3, 4, 35, 'LTP072');
insert into "ticketsApp_ticket" (id, generate_date, departure_time, quantity, state, total_value, box_office_id, client_id, road_id, vehicle_id) values (113, '2023-01-08 18:47:57.794774 +00:00', '2023-01-08 19:47:57.794774 +00:00', 0, true, 0, 3, 1, 37, 'LTP072');
insert into "ticketsApp_ticket" (id, generate_date, departure_time, quantity, state, total_value, box_office_id, client_id, road_id, vehicle_id) values (114, '2023-01-08 18:47:57.794774 +00:00', '2023-01-08 19:47:57.794774 +00:00', 1, true, 7500, 3, 3, 46, 'LTP072');
insert into "ticketsApp_ticket" (id, generate_date, departure_time, quantity, state, total_value, box_office_id, client_id, road_id, vehicle_id) values (115, '2023-01-08 18:47:57.794774 +00:00', '2023-01-08 19:47:57.794774 +00:00', 4, true, 11200, 3, 2, 22, 'LTP072');
insert into "ticketsApp_ticket" (id, generate_date, departure_time, quantity, state, total_value, box_office_id, client_id, road_id, vehicle_id) values (116, '2023-01-08 18:47:57.794774 +00:00', '2023-01-08 19:47:57.794774 +00:00', 0, true, 0, 3, 4, 11, 'LTP072');
insert into "ticketsApp_ticket" (id, generate_date, departure_time, quantity, state, total_value, box_office_id, client_id, road_id, vehicle_id) values (117, '2023-01-08 18:47:57.794774 +00:00', '2023-01-08 19:47:57.794774 +00:00', 2, true, 15000, 3, 4, 4, 'LTP072');
insert into "ticketsApp_ticket" (id, generate_date, departure_time, quantity, state, total_value, box_office_id, client_id, road_id, vehicle_id) values (118, '2023-01-08 18:47:57.794774 +00:00', '2023-01-08 19:47:57.794774 +00:00', 3, true, 12000, 4, 4, 44, 'LTP072');
insert into "ticketsApp_ticket" (id, generate_date, departure_time, quantity, state, total_value, box_office_id, client_id, road_id, vehicle_id) values (119, '2023-01-08 18:47:57.794774 +00:00', '2023-01-08 19:47:57.794774 +00:00', 2, true, 8000, 3, 4, 26, 'LTP072');
insert into "ticketsApp_ticket" (id, generate_date, departure_time, quantity, state, total_value, box_office_id, client_id, road_id, vehicle_id) values (120, '2023-01-08 18:47:57.794774 +00:00', '2023-01-08 19:47:57.794774 +00:00', 0, true, 0, 3, 3, 33, 'SMK884');
insert into "ticketsApp_ticket" (id, generate_date, departure_time, quantity, state, total_value, box_office_id, client_id, road_id, vehicle_id) values (121, '2023-01-08 18:47:57.794774 +00:00', '2023-01-08 19:47:57.794774 +00:00', 2, true, 8000, 4, 5, 28, 'SMK884');
insert into "ticketsApp_ticket" (id, generate_date, departure_time, quantity, state, total_value, box_office_id, client_id, road_id, vehicle_id) values (122, '2023-01-08 18:47:57.794774 +00:00', '2023-01-08 19:47:57.794774 +00:00', 3, true, 22500, 4, 2, 8, 'SMK884');
insert into "ticketsApp_ticket" (id, generate_date, departure_time, quantity, state, total_value, box_office_id, client_id, road_id, vehicle_id) values (123, '2023-01-07 18:47:57.794774 +00:00', '2023-01-07 19:47:57.794774 +00:00', 2, true, 5600, 3, 1, 5, 'SMK884');
insert into "ticketsApp_ticket" (id, generate_date, departure_time, quantity, state, total_value, box_office_id, client_id, road_id, vehicle_id) values (124, '2023-01-07 18:47:57.794774 +00:00', '2023-01-07 19:47:57.794774 +00:00', 12, true, 90000, 4, 4, 48, 'SMK884');
insert into "ticketsApp_ticket" (id, generate_date, departure_time, quantity, state, total_value, box_office_id, client_id, road_id, vehicle_id) values (125, '2023-01-07 18:47:57.794774 +00:00', '2023-01-07 19:47:57.794774 +00:00', 0, true, 0, 3, 2, 12, 'LTP072');
insert into "ticketsApp_ticket" (id, generate_date, departure_time, quantity, state, total_value, box_office_id, client_id, road_id, vehicle_id) values (126, '2023-01-07 18:47:57.794774 +00:00', '2023-01-07 19:47:57.794774 +00:00', 2, true, 15000, 4, 1, 34, 'LTP072');
insert into "ticketsApp_ticket" (id, generate_date, departure_time, quantity, state, total_value, box_office_id, client_id, road_id, vehicle_id) values (127, '2023-01-07 18:47:57.794774 +00:00', '2023-01-07 19:47:57.794774 +00:00', 2, true, 8000, 4, 4, 18, 'LTP072');
insert into "ticketsApp_ticket" (id, generate_date, departure_time, quantity, state, total_value, box_office_id, client_id, road_id, vehicle_id) values (128, '2023-01-07 18:47:57.794774 +00:00', '2023-01-07 19:47:57.794774 +00:00', 1, true, 5000, 4, 1, 26, 'LTP072');
insert into "ticketsApp_ticket" (id, generate_date, departure_time, quantity, state, total_value, box_office_id, client_id, road_id, vehicle_id) values (129, '2023-01-07 18:47:57.794774 +00:00', '2023-01-07 19:47:57.794774 +00:00', 1, true, 5000, 4, 4, 19, 'LTP072');
insert into "ticketsApp_ticket" (id, generate_date, departure_time, quantity, state, total_value, box_office_id, client_id, road_id, vehicle_id) values (130, '2023-01-07 18:47:57.794774 +00:00', '2023-01-07 19:47:57.794774 +00:00', 2, true, 6000, 4, 3, 50, 'LTP072');
insert into "ticketsApp_ticket" (id, generate_date, departure_time, quantity, state, total_value, box_office_id, client_id, road_id, vehicle_id) values (131, '2023-01-07 18:47:57.794774 +00:00', '2023-01-07 19:47:57.794774 +00:00', 0, true, 0, 3, 3, 30, 'TUL172');
insert into "ticketsApp_ticket" (id, generate_date, departure_time, quantity, state, total_value, box_office_id, client_id, road_id, vehicle_id) values (132, '2023-01-07 18:47:57.794774 +00:00', '2023-01-07 19:47:57.794774 +00:00', 5, true, 37500, 4, 1, 10, 'TUL172');
insert into "ticketsApp_ticket" (id, generate_date, departure_time, quantity, state, total_value, box_office_id, client_id, road_id, vehicle_id) values (133, '2023-01-07 18:47:57.794774 +00:00', '2023-01-07 19:47:57.794774 +00:00', 0, true, 0, 4, 5, 45, 'WZH371');
insert into "ticketsApp_ticket" (id, generate_date, departure_time, quantity, state, total_value, box_office_id, client_id, road_id, vehicle_id) values (134, '2023-01-07 18:47:57.794774 +00:00', '2023-01-07 19:47:57.794774 +00:00', 3, true, 18000, 4, 4, 2, 'WZH371');
insert into "ticketsApp_ticket" (id, generate_date, departure_time, quantity, state, total_value, box_office_id, client_id, road_id, vehicle_id) values (135, '2023-01-07 18:47:57.794774 +00:00', '2023-01-07 19:47:57.794774 +00:00', 0, true, 0, 3, 2, 34, 'LTP072');
insert into "ticketsApp_ticket" (id, generate_date, departure_time, quantity, state, total_value, box_office_id, client_id, road_id, vehicle_id) values (136, '2023-01-07 18:47:57.794774 +00:00', '2023-01-07 19:47:57.794774 +00:00', 0, true, 0, 3, 5, 17, 'LTP072');
insert into "ticketsApp_ticket" (id, generate_date, departure_time, quantity, state, total_value, box_office_id, client_id, road_id, vehicle_id) values (137, '2023-01-07 18:47:57.794774 +00:00', '2023-01-07 19:47:57.794774 +00:00', 4, true, 8000, 4, 1, 50, 'LTP072');
